canonicalName,slug,aliases,alternateSpellings,members,formerMembers,associatedActs,sideProjects,collaborators,producers,songwriters,genres,keywords,musicBrainzId,appleArtistId,appleIdentityConfidence,ambiguityClass,identityEvidence,articleCount,lastIdentityUpdatedAt,lastAppleCatalogueUpdatedAt,reviewedArticleIds
3OH!3,3oh-3,,,,,,,,,,,,,,,distinctive,,1,,,
400 Unit,400-unit,,,,,,,,,,,,,,,distinctive,,5,,,
49 Winchester,49-winchester,,,,,,,,,,,,,,,distinctive,,1,,,
69 Eyes,69-eyes,,,,,,,,,,,,,,,distinctive,,2,,,
A-Ha,a-ha,,,,,,,,,,,,,,,distinctive,,2,,,
A Perfect Circle,a-perfect-circle,,,,,,,,,,,,,,,distinctive,,1,,,
A Place To Bury Strangers,a-place-to-bury-strangers,,,,,,,,,,,,,,,distinctive,,2,,,
Abbath,abbath,,,,,,,,,,,,,,,distinctive,,3,,,
Abel Selaocoe,abel-selaocoe,,,,,,,,,,,,,,,distinctive,,1,,,
Absu,absu,,,,,,,,,,,,,,,distinctive,,3,,,
AC/DC,ac-dc,,,,,,,,,,,,,,,distinctive,,10,,,
Accept,accept,,,,,,,,,,,,,,,distinctive,,1,,,
Ace Frehley,ace-frehley,,,,,,,,,,,,,,,distinctive,,3,,,
Acid Bath,acid-bath,,,,,,,,,,,,,,,distinctive,,1,,,
Adam Bomb,adam-bomb,,,,,,,,,,,,,,,distinctive,,1,,,
Afghan Whigs,afghan-whigs,,,,,,,,,,,,,,,distinctive,,1,,,
Afterdrive,afterdrive,,,,,,,,,,,,,,,distinctive,,1,,,
Agnostic Front,agnostic-front,,,,,,,,,,,,,,,distinctive,,4,,,
Ags Connolly,ags-connolly,,,,,,,,,,,,,,,distinctive,,1,,,
Alabama 3,alabama-3,,,,,,,,,,,,,,,distinctive,,1,,,
Alain Johannes,alain-johannes,,,,,,,,,,,,,,,distinctive,,2,,,
Alain Souchon,alain-souchon,,,,,,,,,,,,,,,distinctive,,1,,,
Alberta Cross,alberta-cross,,,,,,,,,,,,,,,distinctive,,1,,,
Alice Cooper,alice-cooper,,,,,,,,,,,,,,,distinctive,,22,,,
Alicia Witt,alicia-witt,,,,,,,,,,,,,,,distinctive,,1,,,
Alien Weaponry,alien-weaponry,,,,,,,,,,,,,,,distinctive,,1,,,
Ally Venable,ally-venable,,,,,,,,,,,,,,,distinctive,,2,,,
Alt-J,alt-j,,,,,,,,,,,,,,,distinctive,,1,,,
Alter Bridge,alter-bridge,,,,,,,,,,,,,,,distinctive,,4,,,
Altitudes and Attitude,altitudes-and-attitude,,,,,,,,,,,,,,,distinctive,,1,,,
Altons,altons,,,,,,,,,,,,,,,distinctive,,1,,,
Ambré,ambre,,,,,,,,,,,,,,,distinctive,,1,,,
Ambrose Akinmusire,ambrose-akinmusire,,,,,,,,,,,,,,,distinctive,,1,,,
Amy MacDonald,amy-macdonald,,,,,,,,,,,,,,,distinctive,,1,,,
Ancient,ancient,,,,,,,,,,,,,,,distinctive,,2,,,
...And You Will Know Us By The Trail Of Dead,and-you-will-know-us-by-the-trail-of-dead,,,,,,,,,,,,,,,distinctive,,2,,,
Andy Bell,andy-bell,,,,,,,,,,,,,,,distinctive,,1,,,
Andy Cairns,andy-cairns,,,,,,,,,,,,,,,distinctive,,1,,,
Andy Fairweather-Low and the Low Riders,andy-fairweather-low-and-the-low-riders,,,,,,,,,,,,,,,distinctive,,1,,,
Angelmaker,angelmaker,,,,,,,,,,,,,,,distinctive,,1,,,
Anneke van Giersbergen,anneke-van-giersbergen,,,,,,,,,,,,,,,distinctive,,2,,,
Answer,answer,,,,,,,,,,,,,,,distinctive,,2,,,
Anthrax,anthrax,,,,,,,,,,,,,,,distinctive,,4,,,
Arch Enemy,arch-enemy,,,,,,,,,,,,,,,distinctive,,4,,,
Ariel Pink,ariel-pink,,,,,,,,,,,,,,,distinctive,,1,,,
Asgeir,asgeir,,,,,,,,,,,,,,,distinctive,,1,,,
Ash,ash,,,,,,,,,,,,,,,distinctive,,2,,,
Attic,attic,,,,,,,,,,,,,,,distinctive,,1,,,
Attila Csihar,attila-csihar,,,,,,,,,,,,,,,distinctive,,2,,,
Audrey Hobert,audrey-hobert,,,,,,,,,,,,,,,distinctive,,1,,,
Audrey McGraw,audrey-mcgraw,,,,,,,,,,,,,,,distinctive,,1,,,
Aura Noir,aura-noir,,,,,,,,,,,,,,,distinctive,,1,,,
Autry Fulbright,autry-fulbright,,,,,,,,,,,,,,,distinctive,,1,,,
Avantasia,avantasia,,,,,,,,,,,,,,,distinctive,,2,,,
Avatar,avatar,,,,,,,,,,,,,,,distinctive,,2,,,
Axl Rose,axl-rose,,,,,,,,,,,,,,,distinctive,,7,,,
Ayron Jones,ayron-jones,,,,,,,,,,,,,,,distinctive,,3,,,
Backyard Babies,backyard-babies,,,,,,,,,,,,,,,distinctive,,1,,,
Bad Religion,bad-religion,,,,,,,,,,,,,,,distinctive,,2,,,
Barry Mills,barry-mills,,,,,,,,,,,,,,,distinctive,,1,,,
Bass Drum of Death,bass-drum-of-death,,,,,,,,,,,,,,,distinctive,,1,,,
Bea and her Business,bea-and-her-business,,,,,,,,,,,,,,,distinctive,,1,,,
Beach Fossils,beach-fossils,,,,,,,,,,,,,,,distinctive,,1,,,
Beastö Blancö,beasto-blanco,,,,,,,,,,,,,,,distinctive,,5,,,
Beat,beat,,,,,,,,,,,,,,,distinctive,,3,,,
Beck,beck,,,,,,,,,,,,,,,distinctive,,1,,,
Begonia,begonia,,,,,,,,,,,,,,,distinctive,,1,,,
Behemoth,behemoth,,,,,,,,,,,,,,,distinctive,,2,,,
Bernard Allison,bernard-allison,,,,,,,,,,,,,,,distinctive,,3,,,
Between The Buried And Me,between-the-buried-and-me,,,,,,,,,,,,,,,distinctive,,1,,,
Biffy Clyro,biffy-clyro,,,,,,,,,,,,,,,distinctive,,1,,,
Bikini Kill,bikini-kill,,,,,,,,,,,,,,,distinctive,,1,,,
Billie Eilish,billie-eilish,,,,,,,,,,,,,,,distinctive,,1,,,
Billy Cobham,billy-cobham,,,,,,,,,,,,,,,distinctive,,2,,,
Billy Corgan,billy-corgan,,,,,,,,,,,,,,,distinctive,,3,,,5983384587635291070
Billy Idol,billy-idol,,,,,,,,,,,,,,,distinctive,,1,,,
Bireli Lagrene,bireli-lagrene,,,,,,,,,,,,,,,distinctive,,2,,,
Black Bomb A,black-bomb-a,,,,,,,,,,,,,,,distinctive,,1,,,
Black Crowes,black-crowes,,,,,,,,,,,,,,,distinctive,,6,,,
Black Flag,black-flag,,,,,,,,,,,,,,,distinctive,,2,,,
Black Lips,black-lips,,,,,,,,,,,,,,,distinctive,,2,,,
Black Sabbath,black-sabbath,,,,,,,,,,,,,,,distinctive,,14,,,
Black Spirituals,black-spirituals,,,,,,,,,,,,,,,distinctive,,1,,,
Black Stone Cherry,black-stone-cherry,,,,,,,,,,,,,,,distinctive,,2,,,
Black Veil Brides,black-veil-brides,,,,,,,,,,,,,,,distinctive,,1,,,
Blackberry Smoke,blackberry-smoke,,,,,,,,,,,,,,,distinctive,,4,,,
Bleu Reine,bleu-reine,,,,,,,,,,,,,,,distinctive,,1,,,
Block of Flats,block-of-flats,,,,,,,,,,,,,,,distinctive,,1,,,
Blood Ceremony,blood-ceremony,,,,,,,,,,,,,,,distinctive,,2,,,
Bloodshot Bill,bloodshot-bill,,,,,,,,,,,,,,,distinctive,,1,,,
BloodyWood,bloodywood,,,,,,,,,,,,,,,distinctive,,1,,,
Blot,blot,,,,,,,,,,,,,,,distinctive,,1,,,
Blue Öyster Cult,blue-oyster-cult,,,,,,,,,,,,,,,distinctive,,5,,,
Blues Pills,blues-pills,,,,,,,,,,,,,,,distinctive,,2,,,
Bob Dylan,bob-dylan,,,,,,,,,,,,,,,distinctive,,7,,,
Bob Mould,bob-mould,,,,,,,,,,,,,,,distinctive,,2,,,
Bokassa,bokassa,,,,,,,,,,,,,,,distinctive,,1,,,
Bones,bones,,,,,,,,,,,,,,,distinctive,,1,,,
Bones Owens,bones-owens,,,,,,,,,,,,,,,distinctive,,1,,,
Bootsy Collins,bootsy-collins,,,,,,,,,,,,,,,distinctive,,4,,,
Boris Pelekh,boris-pelekh,,,,,,,,,,,,,,,distinctive,,1,,,
Bowling For Soup,bowling-for-soup,,,,,,,,,,,,,,,distinctive,,1,,,
Brandi Carlile,brandi-carlile,,,,,,,,,,,,,,,distinctive,,4,,,
Brant Bjork,brant-bjork,,,,,,,,,,,,,,,distinctive,,2,,,
Breaking Benjamin,breaking-benjamin,,,,,,,,,,,,,,,distinctive,,1,,,
Bring Me The Horizon,bring-me-the-horizon,,,,,,,,,,,,,,,distinctive,,2,,,
Brooklyn Funk Essentials,brooklyn-funk-essentials,,,,,,,,,,,,,,,distinctive,,1,,,
Bruce Hornsby,bruce-hornsby,,,,,,,,,,,,,,,distinctive,,1,,,
Bruce Springsteen,bruce-springsteen,,,,,,,,,,,,,,,distinctive,,8,,,
Brujeria,brujeria,,,,,,,,,,,,,,,distinctive,,1,,,
Bryan Adams,bryan-adams,,,,,,,,,,,,,,,distinctive,,6,,,
Bubba Hodges,bubba-hodges,,,,,,,,,,,,,,,distinctive,,1,,,
Burning Rain,burning-rain,,,,,,,,,,,,,,,distinctive,,1,,,
Bury Tomorrow,bury-tomorrow,,,,,,,,,,,,,,,distinctive,,2,,,
Bywater Call,bywater-call,,,,,,,,,,,,,,,distinctive,,1,,,
C.W. Stoneking,c-w-stoneking,,,,,,,,,,,,,,,distinctive,,1,,,
Cage the Elephant,cage-the-elephant,,,,,,,,,,,,,,,distinctive,,6,,,
Candlemass,candlemass,,,,,,,,,,,,,,,distinctive,,1,,,
Cannibal Corpse,cannibal-corpse,,,,,,,,,,,,,,,distinctive,,4,,,
Carcass,carcass,,,,,,,,,,,,,,,distinctive,,3,,,
Cavalera,cavalera,,,,,,,,,,,,,,,distinctive,,1,,,
Charley Crockett,charley-crockett,,,,,,,,,,,,,,,distinctive,,1,,,
Charli XCX,charli-xcx,,,,,,,,,,,,,,,distinctive,,1,,,
Che Arthur,che-arthur,,,,,,,,,,,,,,,distinctive,,1,,,
Chic,chic,,,,,,,,,,,,,,,distinctive,,1,,,
Chicago Blues Festival,chicago-blues-festival,,,,,,,,,,,,,,,distinctive,,2,,,
Children OF Bodom,children-of-bodom,,,,,,,,,,,,,,,distinctive,,1,,,
Chloe Foy,chloe-foy,,,,,,,,,,,,,,,distinctive,,1,,,
"Christone ""Kingfish"" Ingram",christone-kingfish-ingram,,,,,,,,,,,,,,,distinctive,,1,,,
Cinder Well,cinder-well,,,,,,,,,,,,,,,distinctive,,1,,,
Cinematic Orchestra,cinematic-orchestra,,,,,,,,,,,,,,,distinctive,,1,,,
Circle,circle,,,,,,,,,,,,,,,distinctive,,1,,,
Claypool Lennon Delirium,claypool-lennon-delirium,,,,,,,,,,,,,,,distinctive,,1,,,
.clipping,clipping,,,,,,,,,,,,,,,distinctive,,1,,,
Clive Carroll,clive-carroll,,,,,,,,,,,,,,,distinctive,,1,,,
Clutch,clutch,,,,,,,,,,,,,,,distinctive,,3,,,
CocoRosie,cocorosie,,,,,,,,,,,,,,,distinctive,,2,,,
Coheed and Cambria,coheed-and-cambria,,,,,,,,,,,,,,,distinctive,,1,,,
Commoners,commoners,,,,,,,,,,,,,,,distinctive,,1,,,
Conquer Divide,conquer-divide,,,,,,,,,,,,,,,distinctive,,1,,,
Coroner,coroner,,,,,,,,,,,,,,,distinctive,,1,,,
Corrosion of Conformity,corrosion-of-conformity,,,,,,,,,,,,,,,distinctive,,3,,,
Cory Seznec,cory-seznec,,,,,,,,,,,,,,,distinctive,,1,,,
Courte Grill & the Buffalo Pailles,courte-grill-the-buffalo-pailles,,,,,,,,,,,,,,,distinctive,,1,,,
Creatures,creatures,,,,,,,,,,,,,,,distinctive,,1,,,
Crimson ProjeKct,crimson-projekct,,,,,,,,,,,,,,,distinctive,,1,,,
Crowbar,crowbar,,,,,,,,,,,,,,,distinctive,,1,,,
Cryptic Corporation,cryptic-corporation,,,,,,,,,,,,,,,distinctive,,1,,,
Cryptodira,cryptodira,,,,,,,,,,,,,,,distinctive,,1,,,
Cryptopsy,cryptopsy,,,,,,,,,,,,,,,distinctive,,2,,,
Cuckoolander,cuckoolander,,,,,,,,,,,,,,,distinctive,,1,,,
Cure,cure,,,,,,,,,,,,,,,distinctive,,9,,,
Cymande,cymande,,,,,,,,,,,,,,,distinctive,,4,,,
Cyndi Lauper,cyndi-lauper,,,,,,,,,,,,,,,distinctive,,1,,,
D-A-D,d-a-d,,,,,,,,,,,,,,,distinctive,,3,,,
Danger Mouse,danger-mouse,,,,,,,,,,,,,,,distinctive,,1,,,
Danko Jones,danko-jones,,,,,,,,,,,,,,,distinctive,,2,,,
Danny Elfman,danny-elfman,,,,,,,,,,,,,,,distinctive,,1,,,
Dark Funeral,dark-funeral,,,,,,,,,,,,,,,distinctive,,3,,,
Dark Star Orchestra,dark-star-orchestra,,,,,,,,,,,,,,,distinctive,,1,,,
Dark Tranquillity,dark-tranquillity,,,,,,,,,,,,,,,distinctive,,1,,,
Darts,darts,,,,,,,,,,,,,,,distinctive,,2,,,
Dätcha Mandala,datcha-mandala,,,,,,,,,,,,,,,distinctive,,1,,,
Dave Barnes,dave-barnes,,,,,,,,,,,,,,,distinctive,,1,,,
David Bowie,david-bowie,,,,,,,,,,,,,,,distinctive,,5,,,
David Byrne,david-byrne,,,,,,,,,,,,,,,distinctive,,1,,,
David Coverdale,david-coverdale,,,,,,,,,,,,,,,distinctive,,1,,,
David Duchovny,david-duchovny,,,,,,,,,,,,,,,distinctive,,1,,,
David Gilmour,david-gilmour,,,,,,,,,,,,,,,distinctive,,3,,,
David Vincent,david-vincent,,,,,,,,,,,,,,,distinctive,,1,,,
De La Soul,de-la-soul,,,,,,,,,,,,,,,distinctive,,1,,,
Dead Can Dance,dead-can-dance,,,,,,,,,,,,,,,distinctive,,1,,,
Dead Daisies,dead-daisies,,,,,,,,,,,,,,,distinctive,,4,,,
Deafheaven,deafheaven,,,,,,,,,,,,,,,distinctive,,2,,,
Decapitated,decapitated,,,,,,,,,,,,,,,distinctive,,1,,,
Deep Purple,deep-purple,,,,,,,,,,,,,,,distinctive,,4,,,
Def Leppard,def-leppard,,,,,,,,,,,,,,,distinctive,,1,,,
Deicide,deicide,,,,,,,,,,,,,,,distinctive,,1,,,
Del Amitri,del-amitri,,,,,,,,,,,,,,,distinctive,,1,,,
Delain,delain,,,,,,,,,,,,,,,distinctive,,1,,,
Delicate Steve,delicate-steve,,,,,,,,,,,,,,,distinctive,,1,,,
Delta Goodrem,delta-goodrem,,,,,,,,,,,,,,,distinctive,,2,,,
Depeche Mode,depeche-mode,,,,,,,,,,,,,,,distinctive,,4,,,
Devah,devah,,,,,,,,,,,,,,,distinctive,,1,,,
Devangelic,devangelic,,,,,,,,,,,,,,,distinctive,,1,,,
Devin Townsend,devin-townsend,,,,,,,,,,,,,,,distinctive,,4,,,
Dewolff,dewolff,,,,,,,,,,,,,,,distinctive,,2,,,
Dhani Harrison,dhani-harrison,,,,,,,,,,,,,,,distinctive,,1,,,
Dido,dido,,,,,,,,,,,,,,,distinctive,,1,,,
Die Antwoord,die-antwoord,,,,,,,,,,,,,,,distinctive,,1,,,
Dimmu Borgir,dimmu-borgir,,,,,,,,,,,,,,,distinctive,,1,,,
Dinosaur Jr.,dinosaur-jr,,,,,,,,,,,,,,,distinctive,,1,,,
Disciples of Soul,disciples-of-soul,,,,,,,,,,,,,,,distinctive,,2,,,
DITZ,ditz,,,,,,,,,,,,,,,distinctive,,2,,,
DJ Ewook,dj-ewook,,,,,,,,,,,,,,,distinctive,,1,,,
DJ Premier,dj-premier,,,,,,,,,,,,,,,distinctive,,1,,,
Dog Eat Dog,dog-eat-dog,,,,,,,,,,,,,,,distinctive,,1,,,
Dolly Parton,dolly-parton,,,,,,,,,,,,,,,distinctive,,1,,,4579274501673632187
Dopelord,dopelord,,,,,,,,,,,,,,,distinctive,,1,,,
Doro,doro,,,,,,,,,,,,,,,distinctive,,1,,,
Down,down,,,,,,,,,,,,,,,common_word,Reviewed Electric Eye artist identity,1,,,
Dream State,dream-state,,,,,,,,,,,,,,,distinctive,,1,,,
Dream Syndicate,dream-syndicate,,,,,,,,,,,,,,,distinctive,,1,,,
Dream Theater,dream-theater,,,,,,,,,,,,,,,distinctive,,3,,,
Drink The Sea,drink-the-sea,,,,,,,,,,,,,,,distinctive,,5,,,
Drive-By Truckers,drive-by-truckers,,,,,,,,,,,,,,,distinctive,,1,,,
Duff McKagan,duff-mckagan,,,,,,,,,,,,,,,distinctive,,15,,,
Durand Jones,durand-jones,,,,,,,,,,,,,,,distinctive,,4,,,
Durand Jones & the Indications,durand-jones-the-indications,,,,,,,,,,,,,,,distinctive,,5,,,
Dylan Leblanc,dylan-leblanc,,,,,,,,,,,,,,,distinctive,,1,,,
Dylan Triplett,dylan-triplett,,,,,,,,,,,,,,,distinctive,,1,,,
E-L-R,e-l-r,,,,,,,,,,,,,,,distinctive,,1,,,
E Street Band,e-street-band,,,,,,,,,,,,,,,distinctive,,4,,,
Eagle Eye Cherry,eagle-eye-cherry,,,,,,,,,,,,,,,distinctive,,4,,,
Earth,earth,,,,,,,,,,,,,,,distinctive,,1,,,
EarthMotion,earthmotion,,,,,,,,,,,,,,,distinctive,,1,,,
Ebba Åsman,ebba-asman,,,,,,,,,,,,,,,distinctive,,1,,,
Edge of Paradise,edge-of-paradise,,,,,,,,,,,,,,,distinctive,,1,,,
EERA,eera,,,,,,,,,,,,,,,distinctive,,1,,,
Eivør,eiv-r,,,,,,,,,,,,,,,distinctive,,2,,,
Electric Callboy,electric-callboy,,,,,,,,,,,,,,,distinctive,,2,,,
Electric Jaguar Baby,electric-jaguar-baby,,,,,,,,,,,,,,,distinctive,,1,,,
Elegant Weapons,elegant-weapons,,,,,,,,,,,,,,,distinctive,,2,,,
Elliott Murphy,elliott-murphy,,,,,,,,,,,,,,,distinctive,,2,,,
Elton John,elton-john,,,,,,,,,,,,,,,distinctive,,1,,,
Eluveitie,eluveitie,,,,,,,,,,,,,,,distinctive,,1,,,
Elyose,elyose,,,,,,,,,,,,,,,distinctive,,1,,,
Em Beihold,em-beihold,,,,,,,,,,,,,,,distinctive,,1,,,
Enhancer,enhancer,,,,,,,,,,,,,,,distinctive,,1,,,
Enter Shikari,enter-shikari,,,,,,,,,,,,,,,distinctive,,1,,,
Eric Bibb,eric-bibb,,,,,,,,,,,,,,,distinctive,,1,,,
Eric Clapton,eric-clapton,,,,,,,,,,,,,,,distinctive,,16,,,
Eric Johnson,eric-johnson,,,,,,,,,,,,,,,distinctive,,2,,,
Erica Manzoli,erica-manzoli,,,,,,,,,,,,,,,distinctive,,1,,,
Ethel Cain,ethel-cain,,,,,,,,,,,,,,,distinctive,,2,,,
Eugene Hütz,eugene-hutz,,,,,,,,,,,,,,,distinctive,,1,,,
Europe,europe,,,,,,,,,,,,,,,distinctive,,2,,,
Evan Honer,evan-honer,,,,,,,,,,,,,,,distinctive,,2,,,
Ewan Currie,ewan-currie,,,,,,,,,,,,,,,distinctive,,1,,,
Ex Deo,ex-deo,,,,,,,,,,,,,,,distinctive,,1,,,
Ex Hex,ex-hex,,,,,,,,,,,,,,,distinctive,,1,,,
Exhorder,exhorder,,,,,,,,,,,,,,,distinctive,,1,,,
Exodus,exodus,,,,,,,,,,,,,,,distinctive,,2,,,
Eyehategod,eyehategod,,,,,,,,,,,,,,,distinctive,,1,,,
Fantastic Negrito,fantastic-negrito,,,,,,,,,,,,,,,distinctive,,4,,,
Field Music,field-music,,,,,,,,,,,,,,,distinctive,,1,,,
Finn Forster,finn-forster,,,,,,,,,,,,,,,distinctive,,1,,,
Finneas,finneas,,,,,,,,,,,,,,,distinctive,,1,,,
Fish,fish,,,,,,,,,,,,,,,distinctive,,1,,,
Fishbone,fishbone,,,,,,,,,,,,,,,distinctive,,4,,,
Flamin' Groovies,flamin-groovies,,,,,,,,,,,,,,,distinctive,,1,,,
Flea,flea,,,,,,,,,,,,,,,distinctive,,1,,,
Fleshgod Apocalypse,fleshgod-apocalypse,,,,,,,,,,,,,,,distinctive,,1,,,
Fleshtones,fleshtones,,,,,,,,,,,,,,,distinctive,,2,,,
Floor Jansen,floor-jansen,,,,,,,,,,,,,,,distinctive,,1,,,3124541008960499514
Floral Image,floral-image,,,,,,,,,,,,,,,distinctive,,1,,,
FM,fm,,,,,,,,,,,,,,,distinctive,,2,,,
FNAC,fnac,,,,,,,,,,,,,,,distinctive,,2,,,
Foals,foals,,,,,,,,,,,,,,,distinctive,,1,,,
Folsom,folsom,,,,,,,,,,,,,,,distinctive,,1,,,
Fontaines D.C.,fontaines-d-c,,,,,,,,,,,,,,,distinctive,,1,,,
Foo Fighters,foo-fighters,,,,,,,,,,,,,,,distinctive,,6,,,
Foreigner,foreigner,,,,,,,,,,,,,,,distinctive,,2,,,
Fox Lake,fox-lake,,,,,,,,,,,,,,,distinctive,,1,,,
Francesco Turrisi,francesco-turrisi,,,,,,,,,,,,,,,distinctive,,1,,,
Francis Rossi,francis-rossi,,,,,,,,,,,,,,,distinctive,,1,,,
Frankie and the Witch Fingers,frankie-and-the-witch-fingers,,,,,,,,,,,,,,,distinctive,,3,,,
Franz Ferdinand,franz-ferdinand,,,,,,,,,,,,,,,distinctive,,3,,,
Fred Wesley,fred-wesley,,,,,,,,,,,,,,,distinctive,,3,,,
Freedom Band,freedom-band,,,,,,,,,,,,,,,distinctive,,1,,,
Funkadelic,funkadelic,,,,,,,,,,,,,,,distinctive,,2,,,
GA-20,ga-20,,,,,,,,,,,,,,,distinctive,,4,,,
Gaëlle Buswel,gaelle-buswel,,,,,,,,,,,,,,,distinctive,,2,,,
Galactic Empire,galactic-empire,,,,,,,,,,,,,,,distinctive,,1,,,
Gang of Four,gang-of-four,,,,,,,,,,,,,,,distinctive,,2,,,
Gans,gans,,,,,,,,,,,,,,,distinctive,,1,,,
Garbage,garbage,,,,,,,,,,,,,,,distinctive,,4,,,
Gary Clark Jr.,gary-clark-jr,,,,,,,,,,,,,,,distinctive,,3,,,
Gary Lucas,gary-lucas,,,,,,,,,,,,,,,distinctive,,2,,,
Gauvain Sers,gauvain-sers,,,,,,,,,,,,,,,distinctive,,1,,,
Generation Sex,generation-sex,,,,,,,,,,,,,,,distinctive,,1,,,
Generations,generations,,,,,,,,,,,,,,,distinctive,,1,,,
Genesis,genesis,,,,,,,,,,,,,,,distinctive,,5,,,
Genesis Revisited,genesis-revisited,,,,,,,,,,,,,,,distinctive,,2,,,
George Clinton,george-clinton,,,,,,,,,,,,,,,distinctive,,1,,,
George Thorogood,george-thorogood,,,,,,,,,,,,,,,distinctive,,2,,,
Ghost,ghost,,,,,,,,,,,,,,,common_word,,1,,,
Girl Tones,girl-tones,,,,,,,,,,,,,,,distinctive,,1,,,
Girlschool,girlschool,,,,,,,,,,,,,,,distinctive,,1,,,
Glenn Hughes,glenn-hughes,,,,,,,,,,,,,,,distinctive,,2,,,
Godsleep,godsleep,,,,,,,,,,,,,,,distinctive,,1,,,
Gogol Bordello,gogol-bordello,,,,,,,,,,,,,,,distinctive,,8,,,
Gonzalo Rubalcaba,gonzalo-rubalcaba,,,,,,,,,,,,,,,distinctive,,1,,,
Gorgoroth,gorgoroth,,,,,,,,,,,,,,,distinctive,,3,,,
Gov't Mule,gov-t-mule,,,,,,,,,,,,,,,distinctive,,7,,,
Great White,great-white,,,,,,,,,,,,,,,distinctive,,1,,,
Gregory Alan Isakov,gregory-alan-isakov,,,,,,,,,,,,,,,distinctive,,1,,,
Grove,grove,,,,,,,,,,,,,,,distinctive,,1,,,
Guantanamo School of Medicine,guantanamo-school-of-medicine,,,,,,,,,,,,,,,distinctive,,1,,,
Guns N' Roses,guns-n-roses,,,,,,,,,,,,,,,distinctive,,25,,,
Gus G,gus-g,,,,,,,,,,,,,,,distinctive,,1,,,
Gyasi,gyasi,,,,,,,,,,,,,,,distinctive,,2,,,
Gypsy Mitchell,gypsy-mitchell,,,,,,,,,,,,,,,distinctive,,1,,,
H.E.A.T.,h-e-a-t,,,,,,,,,,,,,,,distinctive,,1,,,
Haken,haken,,,,,,,,,,,,,,,distinctive,,1,,,
Halestorm,halestorm,,,,,,,,,,,,,,,distinctive,,7,,,
Halo Effect,halo-effect,,,,,,,,,,,,,,,distinctive,,2,,,
Hana Lili,hana-lili,,,,,,,,,,,,,,,distinctive,,1,,,
Hannah Ashcroft,hannah-ashcroft,,,,,,,,,,,,,,,distinctive,,1,,,
Hannah Rickard,hannah-rickard,,,,,,,,,,,,,,,distinctive,,1,,,
Harry Merry,harry-merry,,,,,,,,,,,,,,,distinctive,,1,,,
Heartbreakers,heartbreakers,,,,,,,,,,,,,,,distinctive,,2,,,
Heartworms,heartworms,,,,,,,,,,,,,,,distinctive,,3,,,
Heathen,heathen,,,,,,,,,,,,,,,distinctive,,1,,,
Heather Nova,heather-nova,,,,,,,,,,,,,,,distinctive,,1,,,
Heaven Shall Burn,heaven-shall-burn,,,,,,,,,,,,,,,distinctive,,2,,,
Hellacopters,hellacopters,,,,,,,,,,,,,,,distinctive,,1,,,
Helloween,helloween,,,,,,,,,,,,,,,distinctive,,3,,,
Hermano,hermano,,,,,,,,,,,,,,,distinctive,,2,,,
Hey Guy,hey-guy,,,,,,,,,,,,,,,distinctive,,2,,,
High Llamas,high-llamas,,,,,,,,,,,,,,,distinctive,,2,,,
Hohnen Ford,hohnen-ford,,,,,,,,,,,,,,,distinctive,,1,,,
Hollywood Vampires,hollywood-vampires,,,,,,,,,,,,,,,distinctive,,8,,,
Honnet Brothers,honnet-brothers,,,,,,,,,,,,,,,distinctive,,1,,,
Honora,honora,,,,,,,,,,,,,,,distinctive,,1,,,
Horrors,horrors,,,,,,,,,,,,,,,distinctive,,1,,,
Howling Giant,howling-giant,,,,,,,,,,,,,,,distinctive,,1,,,
Hozier,hozier,,,,,,,,,,,,,,,distinctive,,1,,,
Humanist,humanist,,,,,,,,,,,,,,,distinctive,,2,,,
Humanity's Last Breath,humanity-s-last-breath,,,,,,,,,,,,,,,distinctive,,2,,,
Hypocrisy,hypocrisy,,,,,,,,,,,,,,,distinctive,,2,,,
Iggor Cavalera,iggor-cavalera,,,,,,,,,,,,,,,distinctive,,2,,,
Iggy Pop,iggy-pop,,,,,,,,,,,,,,,distinctive,,3,,,
Immolation,immolation,,,,,,,,,,,,,,,distinctive,,2,,,
In Flames,in-flames,,,,,,,,,,,,,,,distinctive,,2,,,
Infected Rain,infected-rain,,,,,,,,,,,,,,,distinctive,,1,,,
Iron Maiden,iron-maiden,,,,,,,,,,,,,,,distinctive,,15,,,
Israel Nash,israel-nash,,,,,,,,,,,,,,,distinctive,,1,,,
J. Robbins,j-robbins,,,,,,,,,,,,,,,distinctive,,1,,,
Jack Art,jack-art,,,,,,,,,,,,,,,distinctive,,1,,,
James Taylor,james-taylor,,,,,,,,,,,,,,,distinctive,,1,,,
Jamie Saft,jamie-saft,,,,,,,,,,,,,,,distinctive,,1,,,
Jane's Addiction,jane-s-addiction,,,,,,,,,,,,,,,distinctive,,2,,,
Jared James Nichols,jared-james-nichols,,,,,,,,,,,,,,,distinctive,,5,,,
Jason Isbell,jason-isbell,,,,,,,,,,,,,,,distinctive,,6,,,
Jason Mraz,jason-mraz,,,,,,,,,,,,,,,distinctive,,1,,,
Jay Bellerose,jay-bellerose,,,,,,,,,,,,,,,distinctive,,1,,,
Jazz à la Villette,jazz-a-la-villette,,,,,,,,,,,,,,,distinctive,,1,,,
JD McPherson,jd-mcpherson,,,,,,,,,,,,,,,distinctive,,1,,,
Jeff Beck,jeff-beck,,,,,,,,,,,,,,,distinctive,,13,,,
Jeffrey Foucault,jeffrey-foucault,,,,,,,,,,,,,,,distinctive,,1,,,
Jello Biafra,jello-biafra,,,,,,,,,,,,,,,distinctive,,2,,,
Jerry Joseph,jerry-joseph,,,,,,,,,,,,,,,distinctive,,1,,,
Jesse Malin,jesse-malin,,,,,,,,,,,,,,,distinctive,,2,,,
Jesse Sykes,jesse-sykes,,,,,,,,,,,,,,,distinctive,,1,,,
Jessica Hernandez,jessica-hernandez,,,,,,,,,,,,,,,distinctive,,1,,,
Jethro Tull,jethro-tull,,,,,,,,,,,,,,,distinctive,,5,,,
Jimmie Vaughan,jimmie-vaughan,,,,,,,,,,,,,,,distinctive,,1,,,
Jinjer,jinjer,,,,,,,,,,,,,,,distinctive,,4,,,
JJ Wilde,jj-wilde,,,,,,,,,,,,,,,distinctive,,1,,,
Joe Bonamassa,joe-bonamassa,,,,,,,,,,,,,,,distinctive,,2,,,
Joe Satriani,joe-satriani,,,,,,,,,,,,,,,distinctive,,4,,,
Joey Valence & Brae,joey-valence-brae,,,,,,,,,,,,,,,distinctive,,1,,,
John Fogerty,john-fogerty,,,,,,,,,,,,,,,distinctive,,3,,,
John Hiatt,john-hiatt,,,,,,,,,,,,,,,distinctive,,1,,,
John Mayall,john-mayall,,,,,,,,,,,,,,,distinctive,,3,,,
John Mayer,john-mayer,,,,,,,,,,,,,,,distinctive,,1,,,
John McLaughlin,john-mclaughlin,,,,,,,,,,,,,,,distinctive,,2,,,
John Scofield,john-scofield,,,,,,,,,,,,,,,distinctive,,1,,,
Johnny Depp,johnny-depp,,,,,,,,,,,,,,,distinctive,,5,,,
Jonathan Frith,jonathan-frith,,,,,,,,,,,,,,,distinctive,,1,,,
Jonny Lang,jonny-lang,,,,,,,,,,,,,,,distinctive,,2,,,
Josie,josie,,,,,,,,,,,,,,,distinctive,,1,,,
Judas Priest,judas-priest,,,,,,,,,,,,,,,distinctive,,6,,,
Julia Cumming,julia-cumming,,,,,,,,,,,,,,,distinctive,,2,,,
Julien Gasc,julien-gasc,,,,,,,,,,,,,,,distinctive,,1,,,
Justin Robinson,justin-robinson,,,,,,,,,,,,,,,distinctive,,1,,,
Justyna Kelley,justyna-kelley,,,,,,,,,,,,,,,distinctive,,1,,,
Karen O,karen-o,,,,,,,,,,,,,,,distinctive,,1,,,
Katatonia,katatonia,,,,,,,,,,,,,,,distinctive,,1,,,
Kathrine Shepard,kathrine-shepard,,,,,,,,,,,,,,,distinctive,,1,,,
Katie Henry,katie-henry,,,,,,,,,,,,,,,distinctive,,1,,,
Keb' Mo',keb-mo,,,,,,,,,,,,,,,distinctive,,5,,,
Keefus Ciancia,keefus-ciancia,,,,,,,,,,,,,,,distinctive,,1,,,
Kenny Mason,kenny-mason,,,,,,,,,,,,,,,distinctive,,1,,,
Kesha,kesha,,,,,,,,,,,,,,,distinctive,,1,,,
Khamari,khamari,,,,,,,,,,,,,,,distinctive,,1,,,
Kid Congo,kid-congo,,,,,,,,,,,,,,,distinctive,,4,,,
Kiefer Sutherland,kiefer-sutherland,,,,,,,,,,,,,,,distinctive,,1,,,
Killer Kin,killer-kin,,,,,,,,,,,,,,,distinctive,,5,,,
Kimberose,kimberose,,,,,,,,,,,,,,,distinctive,,1,,,
King Crimson,king-crimson,,,,,,,,,,,,,,,distinctive,,11,,,
King's X,king-s-x,,,,,,,,,,,,,,,distinctive,,1,,,
KISS,kiss,,,,,,,,,,,,,,,distinctive,,3,,,
Klone,klone,,,,,,,,,,,,,,,distinctive,,1,,,
Knives,knives,,,,,,,,,,,,,,,distinctive,,1,,,
Knower,knower,,,,,,,,,,,,,,,distinctive,,1,,,
Koritni,koritni,,,,,,,,,,,,,,,distinctive,,1,,,
Kreator,kreator,,,,,,,,,,,,,,,distinctive,,5,,,
Kris Barras Band,kris-barras-band,,,,,,,,,,,,,,,distinctive,,4,,,
Kula Shaker,kula-shaker,,,,,,,,,,,,,,,distinctive,,2,,,
Kvelertak,kvelertak,,,,,,,,,,,,,,,distinctive,,1,,,
L.A. Guns,l-a-guns,,,,,,,,,,,,,,,distinctive,,1,,,
L7,l7,,,,,,,,,,,,,,,distinctive,,2,,,
La Femme,la-femme,,,,,,,,,,,,,,,distinctive,,1,,,
Lacuna Coil,lacuna-coil,,,,,,,,,,,,,,,distinctive,,2,,,
Lady Gaga,lady-gaga,,,,,,,,,,,,,,,distinctive,,1,,,
Lamb of God,lamb-of-god,,,,,,,,,,,,,,,distinctive,,2,,,
Larkin Poe,larkin-poe,,,,,,,,,,,,,,,distinctive,,5,,,
Las Robertas,las-robertas,,,,,,,,,,,,,,,distinctive,,1,,,
Last In Line,last-in-line,,,,,,,,,,,,,,,distinctive,,2,,,
Last Internationale,last-internationale,,,,,,,,,,,,,,,distinctive,,2,,,
Laura Cox,laura-cox,,,,,,,,,,,,,,,distinctive,,2,,,
Lee Fields & the Expressions,lee-fields-the-expressions,,,,,,,,,,,,,,,distinctive,,1,,,
Lemonheads,lemonheads,,,,,,,,,,,,,,,distinctive,,2,,,
Les Insus?,les-insus,,,,,,,,,,,,,,,distinctive,,2,,,
Lettuce,lettuce,,,,,,,,,,,,,,,distinctive,,1,,,
Lev Radagan,lev-radagan,,,,,,,,,,,,,,,distinctive,,1,,,
Leyla McCalla,leyla-mccalla,,,,,,,,,,,,,,,distinctive,,4,,,
Libertines,libertines,,,,,,,,,,,,,,,distinctive,,2,,,
Lil2Hood AKA Fla$h,lil2hood-aka-fla-h,,,,,,,,,,,,,,,distinctive,,1,,,
Limp Bizkit,limp-bizkit,,,,,,,,,,,,,,,distinctive,,3,,,
Little Caesar,little-caesar,,,,,,,,,,,,,,,distinctive,,1,,,
Little Steven,little-steven,,,,,,,,,,,,,,,distinctive,,2,,,
Liv Kristine,liv-kristine,,,,,,,,,,,,,,,distinctive,,1,,,
Lloyd Cole,lloyd-cole,,,,,,,,,,,,,,,distinctive,,3,,,
Loading Data,loading-data,,,,,,,,,,,,,,,distinctive,,1,,,
Lorna Shore,lorna-shore,,,,,,,,,,,,,,,distinctive,,2,,,
Lowland Brothers,lowland-brothers,,,,,,,,,,,,,,,distinctive,,1,,,
Lucifer,lucifer,,,,,,,,,,,,,,,distinctive,,1,,,
Lucinda Williams,lucinda-williams,,,,,,,,,,,,,,,distinctive,,1,,,
Luke Combs,luke-combs,,,,,,,,,,,,,,,distinctive,,2,,,
Lydia Lunch,lydia-lunch,,,,,,,,,,,,,,,distinctive,,1,,,
Lynyrd Skynyrd,lynyrd-skynyrd,,,,,,,,,,,,,,,distinctive,,4,,,
M-Pire of Evil,m-pire-of-evil,,,,,,,,,,,,,,,distinctive,,1,,,
Maceo Parker,maceo-parker,,,,,,,,,,,,,,,distinctive,,1,,,
Machine Head,machine-head,,,,,,,,,,,,,,,distinctive,,1,,,
Madeline Goldstein,madeline-goldstein,,,,,,,,,,,,,,,distinctive,,1,,,
Madonna,madonna,,,,,,,,,,,,,,,distinctive,,1,,,
Maggie Lindemann,maggie-lindemann,,,,,,,,,,,,,,,distinctive,,1,,,
Mai Mai Mai,mai-mai-mai,,,,,,,,,,,,,,,distinctive,,1,,,
Maia Kalwill,maia-kalwill,,,,,,,,,,,,,,,distinctive,,1,,,
Malted Milk,malted-milk,,,,,,,,,,,,,,,distinctive,,1,,,
Mammoth,mammoth,,,,,,,,,,,,,,,distinctive,,5,,,
Mammoth WVH,mammoth-wvh,,,,,,,,,,,,,,,distinctive,,3,,,
Manowar,manowar,,,,,,,,,,,,,,,distinctive,,1,,,
Marc Hurtado,marc-hurtado,,,,,,,,,,,,,,,distinctive,,1,,,
Marcus King,marcus-king,,,,,,,,,,,,,,,distinctive,,2,,,
Marcus Miller,marcus-miller,,,,,,,,,,,,,,,distinctive,,1,,,
Marduk,marduk,,,,,,,,,,,,,,,distinctive,,5,,,
Maren Morris,maren-morris,,,,,,,,,,,,,,,distinctive,,3,,,
Marillion,marillion,,,,,,,,,,,,,,,distinctive,,5,,,
Marilyn Manson,marilyn-manson,,,,,,,,,,,,,,,distinctive,,1,,,
Mark Fain,mark-fain,,,,,,,,,,,,,,,distinctive,,1,,,
Mark Kendall,mark-kendall,,,,,,,,,,,,,,,distinctive,,1,,,
Marvin Gaye,marvin-gaye,,,,,,,,,,,,,,,distinctive,,1,,,
Massive Attack,massive-attack,,,,,,,,,,,,,,,distinctive,,2,,,
Massive Wagons,massive-wagons,,,,,,,,,,,,,,,distinctive,,3,,,
Mastodon,mastodon,,,,,,,,,,,,,,,distinctive,,5,,,
Mathias Lattin,mathias-lattin,,,,,,,,,,,,,,,distinctive,,1,,,
Mathieu des Longchamps,mathieu-des-longchamps,,,,,,,,,,,,,,,distinctive,,1,,,
Matt Berninger,matt-berninger,,,,,,,,,,,,,,,distinctive,,2,,,
Mavis Staples,mavis-staples,,,,,,,,,,,,,,,distinctive,,1,,,
Mayday Parade,mayday-parade,,,,,,,,,,,,,,,distinctive,,1,,,
Mayhem,mayhem,,,,,,,,,,,,,,,distinctive,,4,,,
Megadeth,megadeth,,,,,,,,,,,,,,,distinctive,,7,,,
Meghan Parnell,meghan-parnell,,,,,,,,,,,,,,,distinctive,,1,,,
Melvin Taylor,melvin-taylor,,,,,,,,,,,,,,,distinctive,,1,,,
Mereki,mereki,,,,,,,,,,,,,,,distinctive,,1,,,
Metallica,metallica,,,,,,,,,,,,,,,distinctive,,13,,,
Method of Defiance,method-of-defiance,,,,,,,,,,,,,,,distinctive,,1,,,
Michael Marcagi,michael-marcagi,,,,,,,,,,,,,,,distinctive,,3,,,
Michael Schenker,michael-schenker,,,,,,,,,,,,,,,distinctive,,2,,,
Midnight Oil,midnight-oil,,,,,,,,,,,,,,,distinctive,,1,,,
Mike Stern,mike-stern,,,,,,,,,,,,,,,distinctive,,1,,,
Mike Tramp,mike-tramp,,,,,,,,,,,,,,,distinctive,,1,,,
Mikkey Dee,mikkey-dee,,,,,,,,,,,,,,,distinctive,,1,,,
Militarie Gun,militarie-gun,,,,,,,,,,,,,,,distinctive,,2,,,
Mimi Barks,mimi-barks,,,,,,,,,,,,,,,distinctive,,1,,,
Mondial du Tatouage,mondial-du-tatouage,,,,,,,,,,,,,,,distinctive,,4,,,
MonoNeon,mononeon,,,,,,,,,,,,,,,distinctive,,4,,,
Monster Truck,monster-truck,,,,,,,,,,,,,,,distinctive,,1,,,
Monty Alexander,monty-alexander,,,,,,,,,,,,,,,distinctive,,1,,,
Morbid Angel,morbid-angel,,,,,,,,,,,,,,,distinctive,,1,,,
Morcheeba,morcheeba,,,,,,,,,,,,,,,distinctive,,1,,,
Morrissey,morrissey,,,,,,,,,,,,,,,distinctive,,5,,,
Mothica,mothica,,,,,,,,,,,,,,,distinctive,,1,,,
Motionless in White,motionless-in-white,,,,,,,,,,,,,,,distinctive,,3,,,
Motörhead,motorhead,,,,,,,,,,,,,,,distinctive,,1,,,
Mouth Culture,mouth-culture,,,,,,,,,,,,,,,distinctive,,2,,,
Mr. Big,mr-big,,,,,,,,,,,,,,,distinctive,,1,,,
MRCY,mrcy,,,,,,,,,,,,,,,distinctive,,1,,,
Ms. Lauryn Hill,ms-lauryn-hill,,,,,,,,,,,,,,,distinctive,,1,,,
Mudhoney,mudhoney,,,,,,,,,,,,,,,distinctive,,1,,,
Murray Head,murray-head,,,,,,,,,,,,,,,distinctive,,3,,,
Myrkur,myrkur,,,,,,,,,,,,,,,distinctive,,1,,,
Nails,nails,,,,,,,,,,,,,,,distinctive,,1,,,
Napalm Death,napalm-death,,,,,,,,,,,,,,,distinctive,,5,,,
Nas,nas,,,,,,,,,,,,,,,distinctive,,1,,,
Neal Black & the Healers,neal-black-the-healers,,,,,,,,,,,,,,,distinctive,,1,,,
Neal Morse,neal-morse,,,,,,,,,,,,,,,distinctive,,4,,,
Ned Evett,ned-evett,,,,,,,,,,,,,,,distinctive,,1,,,
Neil Young and the Chrome Hearts,neil-young-and-the-chrome-hearts,,,,,,,,,,,,,,,distinctive,,1,,,
New Years Day,new-years-day,,,,,,,,,,,,,,,distinctive,,1,,,
Nick Lowe,nick-lowe,,,,,,,,,,,,,,,distinctive,,1,,,
Nick Mason,nick-mason,,,,,,,,,,,,,,,distinctive,,1,,,
Nightwish,nightwish,,,,,,,,,,,,,,,distinctive,,1,,,
Nile Rodgers,nile-rodgers,,,,,,,,,,,,,,,distinctive,,1,,,
Nina Savary,nina-savary,,,,,,,,,,,,,,,distinctive,,1,,,
Nine Inch Nails,nine-inch-nails,,,,,,,,,,,,,,,distinctive,,1,,,
North Mississippi Allstars,north-mississippi-allstars,,,,,,,,,,,,,,,distinctive,,1,,,
O.R.K.,o-r-k,,,,,,,,,,,,,,,distinctive,,4,,,
Obituary,obituary,,,,,,,,,,,,,,,distinctive,,4,,,
Obscura,obscura,,,,,,,,,,,,,,,distinctive,,1,,,
Ocean Grove,ocean-grove,,,,,,,,,,,,,,,distinctive,,1,,,
Old Man's Child,old-man-s-child,,,,,,,,,,,,,,,distinctive,,1,,,
Opeth,opeth,,,,,,,,,,,,,,,distinctive,,4,,,
Oranssi Pazuzu,oranssi-pazuzu,,,,,,,,,,,,,,,distinctive,,1,,,
Osees,osees,,,,,,,,,,,,,,,distinctive,,1,,,
Our Native Daughters,our-native-daughters,,,,,,,,,,,,,,,distinctive,,1,,,
Overkill,overkill,,,,,,,,,,,,,,,distinctive,,1,,,
Ozzy Osbourne,ozzy-osbourne,,,,,,,,,,,,,,,distinctive,,13,,,
Paerish,paerish,,,,,,,,,,,,,,,distinctive,,1,,,
Papa Roach,papa-roach,,,,,,,,,,,,,,,distinctive,,2,,,
Papangu,papangu,,,,,,,,,,,,,,,distinctive,,1,,,
Parchman Prison Prayer,parchman-prison-prayer,,,,,,,,,,,,,,,distinctive,,1,,,
Parfum Noir,parfum-noir,,,,,,,,,,,,,,,distinctive,,1,,,
Paris Jackson,paris-jackson,,,,,,,,,,,,,,,distinctive,,3,,,
Parliament,parliament,,,,,,,,,,,,,,,distinctive,,2,,,
Pat Mastelotto,pat-mastelotto,,,,,,,,,,,,,,,distinctive,,2,,,
Patrick Rondat,patrick-rondat,,,,,,,,,,,,,,,distinctive,,2,,,
Patristic,patristic,,,,,,,,,,,,,,,distinctive,,1,,,
Patterson Hood,patterson-hood,,,,,,,,,,,,,,,distinctive,,1,,,
Patti Smith,patti-smith,,,,,,,,,,,,,,,distinctive,,3,,,
Patty Griffin,patty-griffin,,,,,,,,,,,,,,,distinctive,,1,,,
Paul McCartney,paul-mccartney,,,,,,,,,,,,,,,distinctive,,6,,,
Pete Townshend,pete-townshend,,,,,,,,,,,,,,,distinctive,,5,,,
Peter Hook & The Light,peter-hook-the-light,,,,,,,,,,,,,,,distinctive,,3,,,
Pink Balls Sister,pink-balls-sister,,,,,,,,,,,,,,,distinctive,,1,,,
Pink Monkey Birds,pink-monkey-birds,,,,,,,,,,,,,,,distinctive,,2,,,
Pinky Pinky,pinky-pinky,,,,,,,,,,,,,,,distinctive,,1,,,
Pixies,pixies,,,,,,,,,,,,,,,distinctive,,4,,,
Plini,plini,,,,,,,,,,,,,,,distinctive,,1,,,
Point Mort,point-mort,,,,,,,,,,,,,,,distinctive,,1,,,
Popa Chubby,popa-chubby,,,,,,,,,,,,,,,distinctive,,7,,,
Poppy,poppy,,,,,,,,,,,,,,,distinctive,,1,,,
Posies,posies,,,,,,,,,,,,,,,distinctive,,2,,,
Possessed,possessed,,,,,,,,,,,,,,,common_word,,3,,,
Pretenders,pretenders,,,,,,,,,,,,,,,distinctive,,1,,,
Pretty Reckless,pretty-reckless,,,,,,,,,,,,,,,distinctive,,1,,,
Primal Scream,primal-scream,,,,,,,,,,,,,,,distinctive,,1,,,
Psychedelic Furs,psychedelic-furs,,,,,,,,,,,,,,,distinctive,,2,,,
Psychedelic Porn Crumpets,psychedelic-porn-crumpets,,,,,,,,,,,,,,,distinctive,,1,,,
Psychic Graveyard,psychic-graveyard,,,,,,,,,,,,,,,distinctive,,1,,,
Public Enemy,public-enemy,,,,,,,,,,,,,,,distinctive,,3,,,
Public House,public-house,,,,,,,,,,,,,,,distinctive,,1,,,
Public Image Ltd.,public-image-ltd,,,,,,,,,,,,,,,distinctive,,3,,,
Public Service Broadcasting,public-service-broadcasting,,,,,,,,,,,,,,,distinctive,,2,,,
Pulp,pulp,,,,,,,,,,,,,,,distinctive,,1,,,
Pythies,pythies,,,,,,,,,,,,,,,distinctive,,1,,,
Q Lazzarus,q-lazzarus,,,,,,,,,,,,,,,distinctive,,1,,,
QUEEN BEE,queen-bee,,,,,,,,,,,,,,,distinctive,,1,,,
Queensrÿche,queensryche,,,,,,,,,,,,,,,distinctive,,2,,,
Rammstein,rammstein,,,,,,,,,,,,,,,distinctive,,1,,,
Raphael Saadiq,raphael-saadiq,,,,,,,,,,,,,,,distinctive,,1,,,
Raven Age,raven-age,,,,,,,,,,,,,,,distinctive,,1,,,
Renaud,renaud,,,,,,,,,,,,,,,distinctive,,5,,,
Rhiannon Giddens,rhiannon-giddens,,,,,,,,,,,,,,,distinctive,,8,,,
Richard Bona/Alfredo Rodriguez Trio,richard-bona-alfredo-rodriguez-trio,,,,,,,,,,,,,,,distinctive,,1,,,
Richie Kotzen,richie-kotzen,,,,,,,,,,,,,,,distinctive,,2,,,
Ride,ride,,,,,,,,,,,,,,,distinctive,,3,,,
Ringo Starr,ringo-starr,,,,,,,,,,,,,,,distinctive,,4,,,
Rival Sons,rival-sons,,,,,,,,,,,,,,,distinctive,,4,,,
Rob Zombie,rob-zombie,,,,,,,,,,,,,,,distinctive,,2,,,
Robert Jon Burrison,robert-jon-burrison,,,,,,,,,,,,,,,distinctive,,1,,,
Robert Jon & the Wreck,robert-jon-the-wreck,,,,,,,,,,,,,,,distinctive,,10,,,
Robert Plant,robert-plant,,,,,,,,,,,,,,,distinctive,,5,,,
Robin Trower,robin-trower,,,,,,,,,,,,,,,distinctive,,1,,,
Rock n' Roll Doctors,rock-n-roll-doctors,,,,,,,,,,,,,,,distinctive,,1,,,
Roger Dean,roger-dean,,,,,,,,,,,,,,,distinctive,,1,,,
Roger Miret,roger-miret,,,,,,,,,,,,,,,distinctive,,1,,,
Roger Waters,roger-waters,,,,,,,,,,,,,,,distinctive,,1,,,
Rolling Stones,rolling-stones,,,,,,,,,,,,,,,distinctive,,25,,,
Ronboy,ronboy,,,,,,,,,,,,,,,distinctive,,1,,,
Rook Road,rook-road,,,,,,,,,,,,,,,distinctive,,1,,,
Rosalie Cunningham,rosalie-cunningham,,,,,,,,,,,,,,,distinctive,,2,,,
Ross,ross,,,,,,,,,,,,,,,distinctive,,1,,,
Rotten Sound,rotten-sound,,,,,,,,,,,,,,,distinctive,,1,,,
Royal Blood,royal-blood,,,,,,,,,,,,,,,distinctive,,3,,,
Rozedale,rozedale,,,,,,,,,,,,,,,distinctive,,1,,,
Rufus Wainwright,rufus-wainwright,,,,,,,,,,,,,,,distinctive,,2,,,
Run Ronie Run,run-ronie-run,,,,,,,,,,,,,,,distinctive,,2,,,
Runaway Club,runaway-club,,,,,,,,,,,,,,,distinctive,,1,,,
Ry Cooder,ry-cooder,,,,,,,,,,,,,,,distinctive,,3,,,
Ryan Adams,ryan-adams,,,,,,,,,,,,,,,distinctive,,1,,,
Sadus,sadus,,,,,,,,,,,,,,,distinctive,,1,,,
Saint Agnes,saint-agnes,,,,,,,,,,,,,,,distinctive,,1,,,
Saint Vitus,saint-vitus,,,,,,,,,,,,,,,distinctive,,3,,,
Sammy Hagar,sammy-hagar,,,,,,,,,,,,,,,distinctive,,1,,,
Sandra Nkaké,sandra-nkake,,,,,,,,,,,,,,,distinctive,,1,,,
Sanguisugabogg,sanguisugabogg,,,,,,,,,,,,,,,distinctive,,2,,,
Satchvai Band,satchvai-band,,,,,,,,,,,,,,,distinctive,,2,,,
Saucerful of Secrets,saucerful-of-secrets,,,,,,,,,,,,,,,distinctive,,1,,,
Saxon,saxon,,,,,,,,,,,,,,,distinctive,,10,,,
Scary Goldings,scary-goldings,,,,,,,,,,,,,,,distinctive,,1,,,
Scary Pockets,scary-pockets,,,,,,,,,,,,,,,distinctive,,1,,,
Scour,scour,,,,,,,,,,,,,,,distinctive,,1,,,
Seal,seal,,,,,,,,,,,,,,,distinctive,,1,,,
Seasick Steve,seasick-steve,,,,,,,,,,,,,,,distinctive,,1,,,
Semblant,semblant,,,,,,,,,,,,,,,distinctive,,1,,,
Sensational Space Shifters,sensational-space-shifters,,,,,,,,,,,,,,,distinctive,,1,,,
Sepultura,sepultura,,,,,,,,,,,,,,,distinctive,,3,,,
Shadow of Intent,shadow-of-intent,,,,,,,,,,,,,,,distinctive,,2,,,
Shakkalo,shakkalo,,,,,,,,,,,,,,,distinctive,,2,,,
Shooter Jennings,shooter-jennings,,,,,,,,,,,,,,,distinctive,,1,,,
Sigur Rós,sigur-ros,,,,,,,,,,,,,,,distinctive,,1,,,
Simon McBride,simon-mcbride,,,,,,,,,,,,,,,distinctive,,1,,,
Simple Minds,simple-minds,,,,,,,,,,,,,,,distinctive,,4,,,
Simple Plan,simple-plan,,,,,,,,,,,,,,,distinctive,,2,,,
Simply Red,simply-red,,,,,,,,,,,,,,,distinctive,,2,,,
Six Feet Under,six-feet-under,,,,,,,,,,,,,,,distinctive,,1,,,
Skunk Anansie,skunk-anansie,,,,,,,,,,,,,,,distinctive,,4,,,
Skynd,skynd,,,,,,,,,,,,,,,distinctive,,2,,,
Slash,slash,,,,,,,,,,,,,,,distinctive,,12,,,
Slipknot,slipknot,,,,,,,,,,,,,,,distinctive,,1,,,
Smashing Pumpkins,smashing-pumpkins,,,,,,,,,,,,,,,distinctive,,3,,,
Smith/Kotzen,smith-kotzen,,,,,,,,,,,,,,,distinctive,,2,,,
Snow Patrol,snow-patrol,,,,,,,,,,,,,,,distinctive,,1,,,
Social Distortion,social-distortion,,,,,,,,,,,,,,,distinctive,,3,,,
Soilwork,soilwork,,,,,,,,,,,,,,,distinctive,,1,,,
Solace,solace,,,,,,,,,,,,,,,distinctive,,1,,,
Soledad Brothers,soledad-brothers,,,,,,,,,,,,,,,distinctive,,2,,,
Solence,solence,,,,,,,,,,,,,,,distinctive,,1,,,
Songhoy Blues,songhoy-blues,,,,,,,,,,,,,,,distinctive,,1,,,
Sonny Landreth,sonny-landreth,,,,,,,,,,,,,,,distinctive,,1,,,
Sortilège,sortilege,,,,,,,,,,,,,,,distinctive,,2,,,
Southside Johnny,southside-johnny,,,,,,,,,,,,,,,distinctive,,2,,,
Sparks,sparks,,,Ron Mael | Russell Mael,,,,,,,,,,,,common_word,Reviewed Electric Eye band identity,15,,,
Spiders,spiders,,,,,,,,,,,,,,,distinctive,,1,,,
Spiritual Beggars,spiritual-beggars,,,,,,,,,,,,,,,distinctive,,1,,,
Spiritualized,spiritualized,,,,,,,,,,,,,,,distinctive,,1,,,
Spite House,spite-house,,,,,,,,,,,,,,,distinctive,,1,,,
Split Dogs,split-dogs,,,,,,,,,,,,,,,distinctive,,1,,,
Spoon,spoon,,,,,,,,,,,,,,,distinctive,,1,,,
Stanley Clarke,stanley-clarke,,,,,,,,,,,,,,,distinctive,,2,,,
Staples Jr. Singers,staples-jr-singers,,,,,,,,,,,,,,,distinctive,,1,,,
Starsailor,starsailor,,,,,,,,,,,,,,,distinctive,,2,,,
Steel Panther,steel-panther,,,,,,,,,,,,,,,distinctive,,3,,,
Stereophonics,stereophonics,,,,,,,,,,,,,,,distinctive,,4,,,
Steve Hackett,steve-hackett,,,,,,,,,,,,,,,distinctive,,8,,,
Steve Vai,steve-vai,,,,,,,,,,,,,,,distinctive,,6,,,
Stiff Little Fingers,stiff-little-fingers,,,,,,,,,,,,,,,distinctive,,1,,,
Stoned Jesus,stoned-jesus,,,,,,,,,,,,,,,distinctive,,2,,,
Stratovarius,stratovarius,,,,,,,,,,,,,,,distinctive,,1,,,
Stray Cats,stray-cats,,,,,,,,,,,,,,,distinctive,,1,,,
Stream of Passion,stream-of-passion,,,,,,,,,,,,,,,distinctive,,1,,,
Suede,suede,,,,,,,,,,,,,,,distinctive,,2,,,
Suffocation,suffocation,,,,,,,,,,,,,,,distinctive,,8,,,
Sugar,sugar,,,,,,,,,,,,,,,distinctive,,2,,,
Suicidal Angels,suicidal-angels,,,,,,,,,,,,,,,distinctive,,2,,,
Sunflower Bean,sunflower-bean,,,,,,,,,,,,,,,distinctive,,2,,,
Sungazer,sungazer,,,,,,,,,,,,,,,distinctive,,1,,,
Sunn O))),sunn-o,,,,,,,,,,,,,,,distinctive,,3,,,
Supergrass,supergrass,,,,,,,,,,,,,,,distinctive,,1,,,
Swim School,swim-school,,,,,,,,,,,,,,,distinctive,,1,,,
Sylvaine,sylvaine,,,,,,,,,,,,,,,distinctive,,6,,,
Symphony X,symphony-x,,,,,,,,,,,,,,,distinctive,,1,,,
T Bone Burnett,t-bone-burnett,,,,,,,,,,,,,,,distinctive,,2,,,
Taipei Houston,taipei-houston,,,,,,,,,,,,,,,distinctive,,2,,,
Taj Mahal,taj-mahal,,,,,,,,,,,,,,,distinctive,,1,,,
Tarja Turunen,tarja-turunen,,,,,,,,,,,,,,,distinctive,,1,,,
Teddy Swims,teddy-swims,,,,,,,,,,,,,,,distinctive,,4,,,
Tedeschi Trucks Band,tedeschi-trucks-band,Tedeschi/Trucks Band,,,,,,,,,,,,,,distinctive,,5,,,
Téléphone,telephone,,,,,,,,,,,,,,,distinctive,,2,,,
Temperance Movement,temperance-movement,,,,,,,,,,,,,,,distinctive,,1,,,
Tenacious D,tenacious-d,,,,,,,,,,,,,,,distinctive,,3,,,
Tentative,tentative,,,,,,,,,,,,,,,distinctive,,1,,,
Terrorizer,terrorizer,,,,,,,,,,,,,,,distinctive,,3,,,
Tesla,tesla,,,,,,,,,,,,,,,distinctive,,1,,,
Tesseract,tesseract,,,,,,,,,,,,,,,distinctive,,1,,,
The Aristocrats,the-aristocrats,,,,,,,,,,,,,,,distinctive,,1,,,
The Black Crowes,the-black-crowes,,,,,,,,,,,,,,,distinctive,,5,,,
The Blackbyrds,the-blackbyrds,,,,,,,,,,,,,,,distinctive,,1,,,
The Bros. Landreth,the-bros-landreth,,,,,,,,,,,,,,,distinctive,,1,,,
The Circle,the-circle,,,,,,,,,,,,,,,distinctive,,1,,,
The Cockroaches,the-cockroaches,,,,,,,,,,,,,,,distinctive,,1,,,
The Cryptic Corporation,the-cryptic-corporation,,,,,,,,,,,,,,,distinctive,,1,,,
The Cult,the-cult,,,,,,,,,,,,,,,distinctive,,1,,,
The Cure,the-cure,,,,,,,,,,,,,,,distinctive,,10,,,
The Damned,the-damned,,,,,,,,,,,,,,,distinctive,,6,,,
The Darkness,the-darkness,,,,,,,,,,,,,,,distinctive,,2,,,
The Datsuns,the-datsuns,,,,,,,,,,,,,,,distinctive,,2,,,
The Destroyers,the-destroyers,,,,,,,,,,,,,,,distinctive,,2,,,
The Dip,the-dip,,,,,,,,,,,,,,,distinctive,,1,,,
The Dream Syndicate,the-dream-syndicate,,,,,,,,,,,,,,,distinctive,,1,,,
The DSM IV,the-dsm-iv,,,,,,,,,,,,,,,distinctive,,1,,,
The Exploited,the-exploited,,,,,,,,,,,,,,,distinctive,,1,,,
The Flower Kings,the-flower-kings,,,,,,,,,,,,,,,distinctive,,2,,,
The Funeral Portrait,the-funeral-portrait,,,,,,,,,,,,,,,distinctive,,1,,,
The Herons,the-herons,,,,,,,,,,,,,,,distinctive,,1,,,
The Hot Damn!,the-hot-damn,,,,,,,,,,,,,,,distinctive,,1,,,
The Lemonheads,the-lemonheads,,,,,,,,,,,,,,,distinctive,,1,,,
The Lumineers,the-lumineers,,,,,,,,,,,,,,,distinctive,,1,,,
The Melvins,the-melvins,,,,,,,,,,,,,,,distinctive,,1,,,
The Mentors,the-mentors,,,,,,,,,,,,,,,distinctive,,1,,,
The Musical Box,the-musical-box,,,,,,,,,,,,,,,distinctive,,1,,,
The National,the-national,,,,,,,,,,,,,,,distinctive,,1,,,
The Pineapple Thief,the-pineapple-thief,,,,,,,,,,,,,,,distinctive,,3,,,
The Pixies,the-pixies,,,,,,,,,,,,,,,distinctive,,3,,,
The Posies,the-posies,,,,,,,,,,,,,,,distinctive,,2,,,
The Prodigy,the-prodigy,,,,,,,,,,,,,,,distinctive,,1,,,
The Quireboys,the-quireboys,,,,,,,,,,,,,,,distinctive,,1,,,
The Rasmus,the-rasmus,,,,,,,,,,,,,,,distinctive,,2,,,
The Residents,the-residents,,,,,,,,,,,,,,,distinctive,,3,,,
The Resonance,the-resonance,,,,,,,,,,,,,,,distinctive,,1,,,
The Rolling Stones,the-rolling-stones,,,,,,,,,,,,,,,distinctive,,23,,,
The Sheepdogs,the-sheepdogs,Sheepdogs,,,,,,,,,,,,,,distinctive,,8,,,
The Sirens,the-sirens,,,,,,,,,,,,,,,distinctive,,1,,,
The Sophs,the-sophs,,,,,,,,,,,,,,,distinctive,,1,,,
The Subways,the-subways,,,,,,,,,,,,,,,distinctive,,3,,,
The The,the-the,,,,,,,,,,,,,,,distinctive,,1,,,
The Vaccines,the-vaccines,,,,,,,,,,,,,,,distinctive,,1,,,
the Waterboys,the-waterboys,,,,,,,,,,,,,,,distinctive,,2,,,
The Weeknd,the-weeknd,,,,,,,,,,,,,,,distinctive,,1,,,
The Who,the-who,,,,,,,,,,,,,,,distinctive,,11,,,
Therapy?,therapy,,,,,,,,,,,,,,,distinctive,,7,,,
Therion,therion,,,,,,,,,,,,,,,distinctive,,1,,,
These New Puritans,these-new-puritans,,,,,,,,,,,,,,,distinctive,,1,,,
Thirty Seconds To Mars,thirty-seconds-to-mars,,,,,,,,,,,,,,,distinctive,,1,,,
Thomas Guerlet,thomas-guerlet,,,,,,,,,,,,,,,distinctive,,1,,,
Tift Merritt,tift-merritt,,,,,,,,,,,,,,,distinctive,,1,,,
Tiwayo,tiwayo,,,,,,,,,,,,,,,distinctive,,1,,,
Todd Rundgren,todd-rundgren,,,,,,,,,,,,,,,distinctive,,1,,,
Tokyo Blade,tokyo-blade,,,,,,,,,,,,,,,distinctive,,1,,,
Tom Morello,tom-morello,,,,,,,,,,,,,,,distinctive,,2,,,
Tom Petty,tom-petty,,,,,,,,,,,,,,,distinctive,,2,,,
Tommy Emmanuel,tommy-emmanuel,,,,,,,,,,,,,,,distinctive,,1,,,
Tony Iommi,tony-iommi,,,,,,,,,,,,,,,distinctive,,3,,,
Toots & the Maytals,toots-the-maytals,,,,,,,,,,,,,,,distinctive,,2,,,
Tori Amos,tori-amos,,,,,,,,,,,,,,,distinctive,,1,,,
Toto,toto,,,,,,,,,,,,,,,distinctive,,3,,,
Tower of Power,tower-of-power,,,,,,,,,,,,,,,distinctive,,1,,,
Trail of Dead,trail-of-dead,,,,,,,,,,,,,,,distinctive,,2,,,
Transatlantic,transatlantic,,,,,,,,,,,,,,,distinctive,,2,,,
Tremonti,tremonti,,,,,,,,,,,,,,,distinctive,,2,,,
Trio,trio,,,,,,,,,,,,,,,distinctive,,1,,,
Trivax,trivax,,,,,,,,,,,,,,,distinctive,,2,,,
Trivium,trivium,,,,,,,,,,,,,,,distinctive,,3,,,
Trixie Whitley,trixie-whitley,,,,,,,,,,,,,,,distinctive,,1,,,
Trust,trust,,,,,,,,,,,,,,,distinctive,,2,,,
Ty Segall,ty-segall,,,,,,,,,,,,,,,distinctive,,1,,,
Tyler Bryant,tyler-bryant,,,,,,,,,,,,,,,distinctive,,2,,,
U2,u2,,,,,,,,,,,,,,,distinctive,,2,,,
Uncle Acid and the Deadbeats,uncle-acid-and-the-deadbeats,,,,,,,,,,,,,,,distinctive,,2,,,
Unplugged,unplugged,,,,,,,,,,,,,,,distinctive,,1,,,
Unsane,unsane,,,,,,,,,,,,,,,distinctive,,1,,,
Uriah Heep,uriah-heep,,,,,,,,,,,,,,,distinctive,,5,,,
Varukers,varukers,,,,,,,,,,,,,,,distinctive,,1,,,
Veronica Swift,veronica-swift,,,,,,,,,,,,,,,distinctive,,1,,,
Vinnie Stigma,vinnie-stigma,,,,,,,,,,,,,,,distinctive,,1,,,
Vintage Caravan,vintage-caravan,,,,,,,,,,,,,,,distinctive,,2,,,
Vintage Trouble,vintage-trouble,,,,,,,,,,,,,,,distinctive,,1,,,
Violet Grohl,violet-grohl,,,,,,,,,,,,,,,distinctive,,1,,,
Virginmarys,virginmarys,,,,,,,,,,,,,,,distinctive,,1,,,
VLTIMAS,vltimas,,,,,,,,,,,,,,,distinctive,,1,,,
Vomitory,vomitory,,,,,,,,,,,,,,,distinctive,,2,,,
Vorskaath,vorskaath,,,,,,,,,,,,,,,distinctive,,1,,,
W.A.F.P.,w-a-f-p,,,,,,,,,,,,,,,distinctive,,1,,,
W.A.S.P.,w-a-s-p,,,,,,,,,,,,,,,distinctive,,3,,,
Walter Trout,walter-trout,,,,,,,,,,,,,,,distinctive,,4,,,
Warbringer,warbringer,,,,,,,,,,,,,,,distinctive,,1,,,
Wargasm,wargasm,,,,,,,,,,,,,,,distinctive,,3,,,
Warren Haynes,warren-haynes,,,,,,,,,,,,,,,distinctive,,3,,,
We Came As Romans,we-came-as-romans,,,,,,,,,,,,,,,distinctive,,1,,,
Weezer,weezer,,,,,,,,,,,,,,,distinctive,,2,,,
West Side Story,west-side-story,,,,,,,,,,,,,,,distinctive,,1,,,
Whatmore,whatmore,,,,,,,,,,,,,,,distinctive,,2,,,
Whiplash,whiplash,,,,,,,,,,,,,,,distinctive,,1,,,
Whitechapel,whitechapel,,,,,,,,,,,,,,,distinctive,,3,,,
Whitesnake,whitesnake,,,,,,,,,,,,,,,distinctive,,3,,,
Wilco,wilco,,,,,,,,,,,,,,,distinctive,,5,,,
Wildhearts,wildhearts,,,,,,,,,,,,,,,distinctive,,2,,,
Winery Dogs,winery-dogs,,,,,,,,,,,,,,,distinctive,,1,,,
Winter,winter,,,,,,,,,,,,,,,distinctive,,1,,,
Wisdom In Chains,wisdom-in-chains,,,,,,,,,,,,,,,distinctive,,1,,,
Wishbone Ash,wishbone-ash,,,,,,,,,,,,,,,distinctive,,2,,,
Witch Club Satan,witch-club-satan,,,,,,,,,,,,,,,distinctive,,1,,,
Witch Post,witch-post,,,,,,,,,,,,,,,distinctive,,1,,,
Written By Wolves,written-by-wolves,,,,,,,,,,,,,,,distinctive,,1,,,
Wu-Tang Clan,wu-tang-clan,,,,,,,,,,,,,,,distinctive,,3,,,
Wynchester,wynchester,,,,,,,,,,,,,,,distinctive,,1,,,
Yes,yes,,,,,,,,,,,,,,,distinctive,,3,,,
Yngwie Malmsteen,yngwie-malmsteen,,,,,,,,,,,,,,,distinctive,,1,,,
Yü,yu,,,,,,,,,,,,,,,distinctive,,1,,,
Zakk Sabbath,zakk-sabbath,,,,,,,,,,,,,,,distinctive,,1,,,
Zeal and Ardor,zeal-and-ardor,,,,,,,,,,,,,,,distinctive,,1,,,
Zemial,zemial,,,,,,,,,,,,,,,distinctive,,2,,,
Zia Victoria,zia-victoria,,,,,,,,,,,,,,,distinctive,,1,,,
ZZ Top,zz-top,,,,,,,,,,,,,,,distinctive,,2,,,
