canonicalName,slug,aliases,alternateSpellings,members,formerMembers,associatedActs,sideProjects,collaborators,producers,songwriters,genres,keywords,musicBrainzId,appleArtistId,appleIdentityConfidence,ambiguityClass,identityEvidence,articleCount,lastIdentityUpdatedAt,lastAppleCatalogueUpdatedAt,reviewedArticleIds,concertReviewArchiveArticleIds
3OH!3,3oh-3,,,,,,,,,,,,,,,distinctive,,1,,,,8049342004393252062
400 Unit,400-unit,,,,,,,,,,,,,,,distinctive,,2,,,,
49 Winchester,49-winchester,,,,,,,,,,,,,,,distinctive,,1,,,,6365286052928995948
69 Eyes,69-eyes,,,,,,,,,,,,,,,distinctive,,2,,,,6394739955945457237
A-Ha,a-ha,,,,,,,,,,,,,,,distinctive,,2,,,,8051018447501217665
A Perfect Circle,a-perfect-circle,,,,,,,,,,,,,,,distinctive,,1,,,,504008094814492626
A Place To Bury Strangers,a-place-to-bury-strangers,,,,,,,,,,,,,,,distinctive,,2,,,,7900475818871454508
Abbath,abbath,,,,,,,,,,,,,,,distinctive,,3,,,,6288040060233094991 | 2892515347434524677
Abel Selaocoe,abel-selaocoe,,,,,,,,,,,,,,,distinctive,,1,,,,
Absu,absu,,,,,,,,,,,,,,,distinctive,,3,,,,6377247503591080765
AC/DC,ac-dc,,,,,,,,,,,,,,,distinctive,,5,,,,1342756235464456825 | 5856958886926760162
Accept,accept,,,,,,,,,,,,,,,distinctive,,1,,,,1697396270389337919
Ace Frehley,ace-frehley,,,,,,,,,,,,,,,distinctive,,3,,,,7180087792671001497
Acid Bath,acid-bath,,,,,,,,,,,,,,,distinctive,,1,,,,7350401896256087661
Adam Bomb,adam-bomb,,,,,,,,,,,,,,,distinctive,,1,,,,6924307365258521008
Afghan Whigs,afghan-whigs,,,,,,,,,,,,,,,distinctive,,1,,,,
Afterdrive,afterdrive,,,,,,,,,,,,,,,distinctive,,1,,,,7136066562633639877
Agnostic Front,agnostic-front,,,,,,,,,,,,,,,distinctive,,4,,,,9223116376581303395 | 6311401349434781429
Ags Connolly,ags-connolly,,,,,,,,,,,,,,,distinctive,,1,,,,4829557397817616787
Alain Johannes,alain-johannes,,,,,,,,,,,,,,,distinctive,,2,,,,7950534504082306041
Alain Souchon,alain-souchon,,,,,,,,,,,,,,,distinctive,,1,,,,107331801455873729
Alberta Cross,alberta-cross,,,,,,,,,,,,,,,distinctive,,1,,,,1251387722955394760
Alice Cooper,alice-cooper,,,,,,,,,,,,,,,distinctive,,15,,,,8058070843325432654 | 4421320008573648684 | 6840481356925569921 | 7549708975977909650 | 3267356194098094593 | 956968394353413210 | 341873997760119461
Alicia Witt,alicia-witt,,,,,,,,,,,,,,,distinctive,,1,,,,7419637610516942612
Alien Weaponry,alien-weaponry,,,,,,,,,,,,,,,distinctive,,1,,,,9036691935387243159
Ally Venable,ally-venable,,,,,,,,,,,,,,,distinctive,,3,,,,638494415631104075
Alt-J,alt-j,,,,,,,,,,,,,,,distinctive,,1,,,,2648051882616256282
Alter Bridge,alter-bridge,,,,,,,,,,,,,,,distinctive,,2,,,,9117204615076826719
Altons,altons,,,,,,,,,,,,,,,distinctive,,1,,,,
Ambré,ambre,,,,,,,,,,,,,,,distinctive,,1,,,,2397921433111949345
Ambrose Akinmusire,ambrose-akinmusire,,,,,,,,,,,,,,,distinctive,,1,,,,7229429368237563010
Amy MacDonald,amy-macdonald,,,,,,,,,,,,,,,distinctive,,1,,,,2719861753096998824
Ancient,ancient,,,,,,,,,,,,,,,distinctive,,2,,,,1076562955191747802
...And You Will Know Us By The Trail Of Dead,and-you-will-know-us-by-the-trail-of-dead,,,,,,,,,,,,,,,distinctive,,2,,,,
Andy Bell,andy-bell,,,,,,,,,,,,,,,distinctive,,1,,,,
Andy Cairns,andy-cairns,,,,,,,,,,,,,,,distinctive,,1,,,,
Andy Fairweather-Low and the Low Riders,andy-fairweather-low-and-the-low-riders,,,,,,,,,,,,,,,distinctive,,1,,,,
Ange,ange,,,,,,,,,,,,,,,distinctive,,1,,,,8280766367239870439
Angelmaker,angelmaker,,,,,,,,,,,,,,,distinctive,,1,,,,7869594705740165930
Anneke van Giersbergen,anneke-van-giersbergen,,,,,,,,,,,,,,,distinctive,,2,,,,5029540645157597784
Answer,answer,,,,,,,,,,,,,,,distinctive,,1,,,,7809556906697230119
Anthrax,anthrax,,,,,,,,,,,,,,,distinctive,,3,,,,102355838428625003 | 8514374804181020959
Arch Enemy,arch-enemy,,,,,,,,,,,,,,,distinctive,,3,,,,6170815793231485177
Ariel Pink,ariel-pink,,,,,,,,,,,,,,,distinctive,,1,,,,8092554799868897068
Asgeir,asgeir,,,,,,,,,,,,,,,distinctive,,1,,,,7792660971598158514
Ash,ash,,,,,,,,,,,,,,,distinctive,,3,,,,6173788947905613410
Attic,attic,,,,,,,,,,,,,,,distinctive,,1,,,,79240955651498036
Attila Csihar,attila-csihar,,,,,,,,,,,,,,,distinctive,,2,,,,
Audrey Hobert,audrey-hobert,,,,,,,,,,,,,,,distinctive,,2,,,,6448647177496316400
Audrey McGraw,audrey-mcgraw,,,,,,,,,,,,,,,distinctive,,1,,,,6717717722773281013
Aura Noir,aura-noir,,,,,,,,,,,,,,,distinctive,,1,,,,2963101639779599105
Autry Fulbright,autry-fulbright,,,,,,,,,,,,,,,distinctive,,1,,,,
Avantasia,avantasia,,,,,,,,,,,,,,,distinctive,,2,,,,
Avatar,avatar,,,,,,,,,,,,,,,distinctive,,2,,,,3393132238230191595 | 2904953285468478888
Axl Rose,axl-rose,,,,,,,,,,,,,,,distinctive,,1,,,,
Ayron Jones,ayron-jones,,,,,,,,,,,,,,,distinctive,,2,,,,4460939711604008958 | 4458741023074812467
Backyard Babies,backyard-babies,,,,,,,,,,,,,,,distinctive,,1,,,,
Bad Religion,bad-religion,,,,,,,,,,,,,,,distinctive,,2,,,,7747051418479519171
Barry Mills,barry-mills,,,,,,,,,,,,,,,distinctive,,1,,,,
Bea and her Business,bea-and-her-business,,,,,,,,,,,,,,,distinctive,,1,,,,
Beach Fossils,beach-fossils,,,,,,,,,,,,,,,distinctive,,1,,,,3969807063408222296
Beastö Blancö,beasto-blanco,,,,,,,,,,,,,,,distinctive,,5,,,,3876785624305905789 | 829732783252837103
Beat,beat,,,,,,,,,,,,,,,distinctive,,3,,,,2999330462767137869
Beck,beck,,,,,,,,,,,,,,,distinctive,,1,,,,2302323202018545515
Begonia,begonia,,,,,,,,,,,,,,,distinctive,,1,,,,8559496570432014778
Behemoth,behemoth,,,,,,,,,,,,,,,distinctive,,2,,,,2904341958591884463
Bernard Allison,bernard-allison,,,,,,,,,,,,,,,distinctive,,3,,,,3965101811813495580
Between The Buried And Me,between-the-buried-and-me,,,,,,,,,,,,,,,distinctive,,1,,,,
Biffy Clyro,biffy-clyro,,,,,,,,,,,,,,,distinctive,,1,,,,481478752860658954
Bikini Kill,bikini-kill,,,,,,,,,,,,,,,distinctive,,1,,,,5785867363771792939
Billie Eilish,billie-eilish,,,,,,,,,,,,,,,distinctive,,1,,,,
Billy Cobham,billy-cobham,,,,,,,,,,,,,,,distinctive,,2,,,,
Billy Corgan,billy-corgan,,,,,,,,,,,,,,,distinctive,,3,,,5983384587635291070,
Billy Idol,billy-idol,,,,,,,,,,,,,,,distinctive,,1,,,,4966854854820543848
Bireli Lagrene,bireli-lagrene,,,,,,,,,,,,,,,distinctive,,2,,,,8559899497440126712
Black Bomb A,black-bomb-a,,,,,,,,,,,,,,,distinctive,,1,,,,7578580521279116995
Black Flag,black-flag,,,,,,,,,,,,,,,distinctive,,2,,,,5950834077807867641
Black Indians of New Orleans,black-indians-of-new-orleans,,,,,,,,,,,,,,,distinctive,,1,,,,9218351681080916069
Black Label Society,black-label-society,,,,,,,,,,,,,,,distinctive,,2,,,,
Black Lips,black-lips,,,,,,,,,,,,,,,distinctive,,2,,,,5429914945786708405
Black Sabbath,black-sabbath,,,,,,,,,,,,,,,distinctive,,12,,,,4863881152478540132 | 544554226165231030 | 4571341512228743601
Black Spirituals,black-spirituals,,,,,,,,,,,,,,,distinctive,,1,,,,2021977598293507952
Black Stone Cherry,black-stone-cherry,,,,,,,,,,,,,,,distinctive,,1,,,,2750458705818255088
Black Veil Brides,black-veil-brides,,,,,,,,,,,,,,,distinctive,,1,,,,8863765197304598711
Blackberry Smoke,blackberry-smoke,,,,,,,,,,,,,,,distinctive,,3,,,,1969085765949357253 | 3451408225231715896
Bleu Reine,bleu-reine,,,,,,,,,,,,,,,distinctive,,1,,,,3206103290743538464
Block of Flats,block-of-flats,,,,,,,,,,,,,,,distinctive,,1,,,,1113238011872166550
Blood Ceremony,blood-ceremony,,,,,,,,,,,,,,,distinctive,,2,,,,192755812255193050
Bloodshot Bill,bloodshot-bill,,,,,,,,,,,,,,,distinctive,,1,,,,443471037155040072
BloodyWood,bloodywood,,,,,,,,,,,,,,,distinctive,,2,,,,8876152948080053356 | 399488667101436891
Blot,blot,,,,,,,,,,,,,,,distinctive,,1,,,,7970037456850458617
Blue Öyster Cult,blue-oyster-cult,,,,,,,,,,,,,,,distinctive,,3,,,,5300941966862263571 | 6247638511224858397
Blues Pills,blues-pills,,,,,,,,,,,,,,,distinctive,,3,,,,4787891860528840366
Bob Dylan,bob-dylan,,,,,,,,,,,,,,,distinctive,,5,,,,8240295387377360011 | 4030177600895368052 | 4731229946716403831 | 4497790897886174957
Bob Mould,bob-mould,,,,,,,,,,,,,,,distinctive,,2,,,,6544035241832944865
Bokassa,bokassa,,,,,,,,,,,,,,,distinctive,,1,,,,7986432147211980371
Bones,bones,,,,,,,,,,,,,,,distinctive,,1,,,,6879640316455224152
Bones Owens,bones-owens,,,,,,,,,,,,,,,distinctive,,1,,,,7914085451853545120
Bootsy Collins,bootsy-collins,,,,,,,,,,,,,,,distinctive,,3,,,,6528895824111629194
Boris Pelekh,boris-pelekh,,,,,,,,,,,,,,,distinctive,,1,,,,
Bowling For Soup,bowling-for-soup,,,,,,,,,,,,,,,distinctive,,1,,,,2709123414571974232
Brandi Carlile,brandi-carlile,,,,,,,,,,,,,,,distinctive,,4,,,,2046079333934831888
Brant Bjork,brant-bjork,,,,,,,,,,,,,,,distinctive,,2,,,,1620274366805823043
Breaking Benjamin,breaking-benjamin,,,,,,,,,,,,,,,distinctive,,1,,,,2129094827090758109
Bring Me The Horizon,bring-me-the-horizon,,,,,,,,,,,,,,,distinctive,,1,,,,5155204536125239764
Brooklyn Funk Essentials,brooklyn-funk-essentials,,,,,,,,,,,,,,,distinctive,,1,,,,706445671667261937
Bruce Hornsby,bruce-hornsby,,,,,,,,,,,,,,,distinctive,,1,,,,
Bruce Springsteen,bruce-springsteen,,,,,,,,,,,,,,,distinctive,,6,,,,
Brujeria,brujeria,,,,,,,,,,,,,,,distinctive,,1,,,,975540393212181375
Bryan Adams,bryan-adams,,,,,,,,,,,,,,,distinctive,,4,,,,7421370916778773225 | 2523809035045593189
Bubba Hodges,bubba-hodges,,,,,,,,,,,,,,,distinctive,,1,,,,
Burning Rain,burning-rain,,,,,,,,,,,,,,,distinctive,,1,,,,
Bury Tomorrow,bury-tomorrow,,,,,,,,,,,,,,,distinctive,,1,,,,5593179736102839950
Bywater Call,bywater-call,,,,,,,,,,,,,,,distinctive,,1,,,,
Cage the Elephant,cage-the-elephant,,,,,,,,,,,,,,,distinctive,,7,,,,4800766222480941620 | 4904494636141533347 | 5957855223167391431 | 8630364014249013251
Candlemass,candlemass,,,,,,,,,,,,,,,distinctive,,1,,,,
Cannibal Corpse,cannibal-corpse,,,,,,,,,,,,,,,distinctive,,1,,,,6167876746069636348
Carcass,carcass,,,,,,,,,,,,,,,distinctive,,3,,,,2737668372081751484 | 7260977990000463664
Carissa Johnson,carissa-johnson,,,,,,,,,,,,,,,distinctive,,1,,,,7949867107416495753
Cavalera,cavalera,,,,,,,,,,,,,,,distinctive,,1,,,,
Charley Crockett,charley-crockett,,,,,,,,,,,,,,,distinctive,,1,,,,2025482272766489124
Charli XCX,charli-xcx,,,,,,,,,,,,,,,distinctive,,2,,,,4204938065395544704
Che Arthur,che-arthur,,,,,,,,,,,,,,,distinctive,,1,,,,72279982207830716
Chic,chic,,,,,,,,,,,,,,,distinctive,,1,,,,
Chicago Blues Festival,chicago-blues-festival,,,,,,,,,,,,,,,distinctive,,2,,,,
Children OF Bodom,children-of-bodom,,,,,,,,,,,,,,,distinctive,,1,,,,
Chloe Foy,chloe-foy,,,,,,,,,,,,,,,distinctive,,1,,,,2319077796172309009
"Christone ""Kingfish"" Ingram",christone-kingfish-ingram,,,,,,,,,,,,,,,distinctive,,1,,,,1363660358379880172
Cinder Well,cinder-well,,,,,,,,,,,,,,,distinctive,,1,,,,719404883201513988
Cinematic Orchestra,cinematic-orchestra,,,,,,,,,,,,,,,distinctive,,1,,,,
Circle,circle,,,,,,,,,,,,,,,distinctive,,1,,,,
Claypool Lennon Delirium,claypool-lennon-delirium,,,,,,,,,,,,,,,distinctive,,1,,,,
.clipping,clipping,,,,,,,,,,,,,,,distinctive,,1,,,,
Clive Carroll,clive-carroll,,,,,,,,,,,,,,,distinctive,,1,,,,4481395039845742826
Clutch,clutch,,,,,,,,,,,,,,,distinctive,,2,,,,1825092178414832002
CocoRosie,cocorosie,,,,,,,,,,,,,,,distinctive,,2,,,,4975386882606606603
Coheed and Cambria,coheed-and-cambria,,,,,,,,,,,,,,,distinctive,,1,,,,
Colin Lynch,colin-lynch,,,,,,,,,,,,,,,distinctive,,1,,,,6945931090471466444
Comic-Con,comic-con,Comic Con,,,,,,,,,,,,,,distinctive,,3,,,,7334582419391394523 | 7654185304753227868 | 5131465074920056588
Commoners,commoners,,,,,,,,,,,,,,,distinctive,,1,,,,6124699235728585725
Conquer Divide,conquer-divide,,,,,,,,,,,,,,,distinctive,,1,,,,1229015648892391316
Convention,convention,,,,,,,,,,,,,,,distinctive,,2,,,,
Coroner,coroner,,,,,,,,,,,,,,,distinctive,,1,,,,
Corrosion of Conformity,corrosion-of-conformity,,,,,,,,,,,,,,,distinctive,,3,,,,3480057138211758934
Cory Seznec,cory-seznec,,,,,,,,,,,,,,,distinctive,,1,,,,5804396217427380495
Courte Grill & the Buffalo Pailles,courte-grill-the-buffalo-pailles,,,,,,,,,,,,,,,distinctive,,1,,,,
Creatures,creatures,,,,,,,,,,,,,,,distinctive,,1,,,,5061881787398756719
Crimson ProjeKct,crimson-projekct,,,,,,,,,,,,,,,distinctive,,2,,,,4822065064987851525
Crowbar,crowbar,,,,,,,,,,,,,,,distinctive,,1,,,,4650968894166768479
Cryptic Corporation,cryptic-corporation,,,,,,,,,,,,,,,distinctive,,1,,,,
Cryptodira,cryptodira,,,,,,,,,,,,,,,distinctive,,1,,,,6286909763875791555
Cryptopsy,cryptopsy,,,,,,,,,,,,,,,distinctive,,2,,,,4572777260125664152
Cuckoolander,cuckoolander,,,,,,,,,,,,,,,distinctive,,1,,,,1630598143205036068
Cymande,cymande,,,,,,,,,,,,,,,distinctive,,4,,,,7041251793221313797 | 406751059383179014
Cyndi Lauper,cyndi-lauper,,,,,,,,,,,,,,,distinctive,,1,,,,6079334912705978833
D-A-D,d-a-d,,,,,,,,,,,,,,,distinctive,,3,,,,2814202681200089031 | 2870574629477136077
Danger Mouse,danger-mouse,,,,,,,,,,,,,,,distinctive,,1,,,,
Danko Jones,danko-jones,,,,,,,,,,,,,,,distinctive,,2,,,,4467201683487046493
Danny Elfman,danny-elfman,,,,,,,,,,,,,,,distinctive,,1,,,,632070197938228536
Dark Funeral,dark-funeral,,,,,,,,,,,,,,,distinctive,,3,,,,5777933493917272904 | 8829256404707541923
Dark Star Orchestra,dark-star-orchestra,,,,,,,,,,,,,,,distinctive,,1,,,,8632396617784905102
Dark Tranquillity,dark-tranquillity,,,,,,,,,,,,,,,distinctive,,1,,,,
Darts,darts,,,,,,,,,,,,,,,distinctive,,2,,,,2142834135613944877
Dätcha Mandala,datcha-mandala,,,,,,,,,,,,,,,distinctive,,1,,,,7817615503464698145
Dave Barnes,dave-barnes,,,,,,,,,,,,,,,distinctive,,1,,,,
David Bowie,david-bowie,,,,,,,,,,,,,,,distinctive,,2,,,,2499443098088017948
David Coverdale,david-coverdale,,,,,,,,,,,,,,,distinctive,,1,,,,
David Duchovny,david-duchovny,,,,,,,,,,,,,,,distinctive,,1,,,,
David Gilmour,david-gilmour,,,,,,,,,,,,,,,distinctive,,2,,,,6164479284395398690
David Vincent,david-vincent,,,,,,,,,,,,,,,distinctive,,2,,,,
De La Soul,de-la-soul,,,,,,,,,,,,,,,distinctive,,1,,,,3581394324869380651
Dead Can Dance,dead-can-dance,,,,,,,,,,,,,,,distinctive,,1,,,,3842459651676307353
Dead Daisies,dead-daisies,,,,,,,,,,,,,,,distinctive,,3,,,,2862412786284014884 | 9078177976415785759
Deafheaven,deafheaven,,,,,,,,,,,,,,,distinctive,,2,,,,5347632791659385100
Decapitated,decapitated,,,,,,,,,,,,,,,distinctive,,1,,,,5167386285647957729
Deep Purple,deep-purple,,,,,,,,,,,,,,,distinctive,,4,,,,2950416177840983586 | 4378426236043195186
DEGEYTER,degeyter,,,,,,,,,,,,,,,distinctive,,1,,,,4374364737221954918
Deicide,deicide,,,,,,,,,,,,,,,distinctive,,1,,,,3623628330413719749
Del Amitri,del-amitri,,,,,,,,,,,,,,,distinctive,,1,,,,5652585705707765034
Delain,delain,,,,,,,,,,,,,,,distinctive,,1,,,,5762690847680135502
Delicate Steve,delicate-steve,,,,,,,,,,,,,,,distinctive,,1,,,,
Delta Goodrem,delta-goodrem,,,,,,,,,,,,,,,distinctive,,2,,,,2183543489205989108
Depeche Mode,depeche-mode,,,,,,,,,,,,,,,distinctive,,1,,,,3165181858291854307
Devah,devah,,,,,,,,,,,,,,,distinctive,,1,,,,7486712844485156493
Devangelic,devangelic,,,,,,,,,,,,,,,distinctive,,1,,,,5234764930530361699
Devin Townsend,devin-townsend,,,,,,,,,,,,,,,distinctive,,5,,,,6145619556093052519 | 7999121479596314204 | 2042728165980252837
Dewolff,dewolff,,,,,,,,,,,,,,,distinctive,,2,,,,34011333159717618
Dhani Harrison,dhani-harrison,,,,,,,,,,,,,,,distinctive,,1,,,,2826735802637004791
Dido,dido,,,,,,,,,,,,,,,distinctive,,1,,,,
Die Antwoord,die-antwoord,,,,,,,,,,,,,,,distinctive,,1,,,,4545434558775355439
Dimmu Borgir,dimmu-borgir,,,,,,,,,,,,,,,distinctive,,1,,,,
Dinosaur Jr.,dinosaur-jr,,,,,,,,,,,,,,,distinctive,,1,,,,9058193577585292139
Disciples of Soul,disciples-of-soul,,,,,,,,,,,,,,,distinctive,,2,,,,
DITZ,ditz,,,,,,,,,,,,,,,distinctive,,2,,,,4038703434739733446
Divine Comedy,divine-comedy,,,,,,,,,,,,,,,distinctive,,1,,,,
DJ Ewook,dj-ewook,,,,,,,,,,,,,,,distinctive,,1,,,,7445774468092695375
DJ Premier,dj-premier,,,,,,,,,,,,,,,distinctive,,1,,,,1759996392089228654
DJ Set,dj-set,,,,,,,,,,,,,,,distinctive,,1,,,,
Dog Eat Dog,dog-eat-dog,,,,,,,,,,,,,,,distinctive,,1,,,,8761599381697748759
Dolly Parton,dolly-parton,,,,,,,,,,,,,,,distinctive,,1,,,4579274501673632187,
Dopelord,dopelord,,,,,,,,,,,,,,,distinctive,,2,,,,5758447714051230467
Doro,doro,,,,,,,,,,,,,,,distinctive,,1,,,,3250417095130256010
Down,down,,,,,,,,,,,,,,,common_word,Reviewed Electric Eye artist identity,1,,,,6082966285672740531
Dream State,dream-state,,,,,,,,,,,,,,,distinctive,,1,,,,8073185676126399494
Dream Theater,dream-theater,,,,,,,,,,,,,,,distinctive,,2,,,,
Dresden Dolls,dresden-dolls,,,,,,,,,,,,,,,distinctive,,2,,,,5595601640915382763
Drink The Sea,drink-the-sea,,,,,,,,,,,,,,,distinctive,,5,,,,5273758839537954875
Drive-By Truckers,drive-by-truckers,,,,,,,,,,,,,,,distinctive,,1,,,,1060055625102287633
Duff McKagan,duff-mckagan,,,,,,,,,,,,,,,distinctive,,4,,,,4055493161722057770 | 8593241868697225527
Durand Jones,durand-jones,,,,,,,,,,,,,,,distinctive,,4,,,,2096320139987848639
Durand Jones & the Indications,durand-jones-the-indications,,,,,,,,,,,,,,,distinctive,,5,,,,
Dylan Leblanc,dylan-leblanc,,,,,,,,,,,,,,,distinctive,,1,,,,3177921619052116411
Dylan Triplett,dylan-triplett,,,,,,,,,,,,,,,distinctive,,1,,,,6538612666342685969
E-L-R,e-l-r,,,,,,,,,,,,,,,distinctive,,1,,,,8054991678542438765
E Street Band,e-street-band,,,,,,,,,,,,,,,distinctive,,2,,,,
Eagle Eye Cherry,eagle-eye-cherry,,,,,,,,,,,,,,,distinctive,,2,,,,1961850493233925967 | 4340708392117485978
Earl Sweatshirt and Mike,earl-sweatshirt-and-mike,,,,,,,,,,,,,,,distinctive,,1,,,,
Earth,earth,,,,,,,,,,,,,,,distinctive,,1,,,,2898057220368255033
EarthMotion,earthmotion,,,,,,,,,,,,,,,distinctive,,1,,,,1019683182430558322
Ebba Åsman,ebba-asman,,,,,,,,,,,,,,,distinctive,,1,,,,
Edge of Paradise,edge-of-paradise,,,,,,,,,,,,,,,distinctive,,1,,,,6960489523136124307
EERA,eera,,,,,,,,,,,,,,,distinctive,,1,,,,3002692824821757070
Eivør,eiv-r,,,,,,,,,,,,,,,distinctive,,2,,,,660445532304859366
Electric Callboy,electric-callboy,,,,,,,,,,,,,,,distinctive,,1,,,,3285987327950578354
Electric Jaguar Baby,electric-jaguar-baby,,,,,,,,,,,,,,,distinctive,,1,,,,6407726449892342563
Elegant Weapons,elegant-weapons,,,,,,,,,,,,,,,distinctive,,1,,,,4255695183800734264
Elliott Murphy,elliott-murphy,,,,,,,,,,,,,,,distinctive,,2,,,,4207284290080956668
Elton John,elton-john,,,,,,,,,,,,,,,distinctive,,1,,,,
Eluveitie,eluveitie,,,,,,,,,,,,,,,distinctive,,1,,,,3997085871644252169
Elyose,elyose,,,,,,,,,,,,,,,distinctive,,1,,,,4408248058108102543
Em Beihold,em-beihold,,,,,,,,,,,,,,,distinctive,,1,,,,3174929647716353622
Enhancer,enhancer,,,,,,,,,,,,,,,distinctive,,1,,,,424283901931718208
Epica,epica,,,,,,,,,,,,,,,distinctive,,2,,,,7969181393894486937
Eric Clapton,eric-clapton,,,,,,,,,,,,,,,distinctive,,13,,,,5252192306441347807 | 4868829360120189881 | 7989545750155558787
Eric Johnson,eric-johnson,,,,,,,,,,,,,,,distinctive,,2,,,,4109388515636342550
Erica Manzoli,erica-manzoli,,,,,,,,,,,,,,,distinctive,,1,,,,831724828724468491
Ethel Cain,ethel-cain,,,,,,,,,,,,,,,distinctive,,1,,,,
Eugene Hütz,eugene-hutz,,,,,,,,,,,,,,,distinctive,,1,,,,
Europe,europe,,,,,,,,,,,,,,,distinctive,,2,,,,7531976867235503927
Evan Honer,evan-honer,,,,,,,,,,,,,,,distinctive,,2,,,,5006777588254959288
Ewan Currie,ewan-currie,,,,,,,,,,,,,,,distinctive,,1,,,,
Ex Deo,ex-deo,,,,,,,,,,,,,,,distinctive,,1,,,,5458530513417922811
Ex Hex,ex-hex,,,,,,,,,,,,,,,distinctive,,1,,,,
Exhorder,exhorder,,,,,,,,,,,,,,,distinctive,,1,,,,8279895402948590902
Exodus,exodus,,,,,,,,,,,,,,,distinctive,,2,,,,5101573600577112771
Eyehategod,eyehategod,,,,,,,,,,,,,,,distinctive,,1,,,,3213942361814118621
Fantastic Negrito,fantastic-negrito,,,,,,,,,,,,,,,distinctive,,4,,,,3238188428152261263 | 8384960900160449170 | 9123153530844571684
Field Music,field-music,,,,,,,,,,,,,,,distinctive,,1,,,,6772184343702161615
Finn Forster,finn-forster,,,,,,,,,,,,,,,distinctive,,1,,,,5938203443627350397
Finneas,finneas,,,,,,,,,,,,,,,distinctive,,1,,,,7307331625092259553
Fish,fish,,,,,,,,,,,,,,,distinctive,,1,,,,7400155644942818891
Fishbone,fishbone,,,,,,,,,,,,,,,distinctive,,1,,,,6612850487096331181
Fixation,fixation,,,,,,,,,,,,,,,distinctive,,1,,,,7915496285273791215
Flamin' Groovies,flamin-groovies,,,,,,,,,,,,,,,distinctive,,1,,,,2129145098460682857
Flea,flea,,,,,,,,,,,,,,,distinctive,,1,,,,
Fleshgod Apocalypse,fleshgod-apocalypse,,,,,,,,,,,,,,,distinctive,,1,,,,
Fleshtones,fleshtones,,,,,,,,,,,,,,,distinctive,,1,,,,8934278562251276039
Floor Jansen,floor-jansen,,,,,,,,,,,,,,,distinctive,,1,,,3124541008960499514,
Floral Image,floral-image,,,,,,,,,,,,,,,distinctive,,1,,,,5455486479423134865
FM,fm,,,,,,,,,,,,,,,distinctive,,1,,,,4615242698479798071
FNAC,fnac,,,,,,,,,,,,,,,distinctive,,1,,,,
Foals,foals,,,,,,,,,,,,,,,distinctive,,1,,,,
Foggy Bottom,foggy-bottom,,,,,,,,,,,,,,,distinctive,,1,,,,3942739848483624683
Folsom,folsom,,,,,,,,,,,,,,,distinctive,,1,,,,
Fontaines D.C.,fontaines-d-c,,,,,,,,,,,,,,,distinctive,,1,,,,
Foo Fighters,foo-fighters,,,,,,,,,,,,,,,distinctive,,2,,,,1625753928574976008
Foreigner,foreigner,,,,,,,,,,,,,,,distinctive,,2,,,,8953327828603612052
Fox Lake,fox-lake,,,,,,,,,,,,,,,distinctive,,1,,,,4056206503397676446
Francesco Turrisi,francesco-turrisi,,,,,,,,,,,,,,,distinctive,,1,,,,
Francis Rossi,francis-rossi,,,,,,,,,,,,,,,distinctive,,1,,,,
Frankie and the Witch Fingers,frankie-and-the-witch-fingers,,,,,,,,,,,,,,,distinctive,,3,,,,
Franz Ferdinand,franz-ferdinand,,,,,,,,,,,,,,,distinctive,,2,,,,
Fred Wesley,fred-wesley,,,,,,,,,,,,,,,distinctive,,3,,,,5234475963389878611
Freedom Band,freedom-band,,,,,,,,,,,,,,,distinctive,,1,,,,
Friday's Playlist,friday-s-playlist,,,,,,,,,,,,,,,distinctive,,1,,,,
Funkadelic,funkadelic,,,,,,,,,,,,,,,distinctive,,2,,,,
GA-20,ga-20,,,,,,,,,,,,,,,distinctive,,4,,,,4530427964477194457
Gaëlle Buswel,gaelle-buswel,,,,,,,,,,,,,,,distinctive,,2,,,,9005315054237649956 | 965749336082689810
Galactic Empire,galactic-empire,,,,,,,,,,,,,,,distinctive,,1,,,,2747266111883563852
Gang of Four,gang-of-four,,,,,,,,,,,,,,,distinctive,,1,,,,7449109629965869256
Gans,gans,,,,,,,,,,,,,,,distinctive,,1,,,,4719799020412306310
Garbage,garbage,,,,,,,,,,,,,,,distinctive,,4,,,,8655796508493972819 | 7733934893588440717
Gary Clark Jr.,gary-clark-jr,,,,,,,,,,,,,,,distinctive,,3,,,,6004341781326066608
Gary Lucas,gary-lucas,,,,,,,,,,,,,,,distinctive,,2,,,,2146195367306729469
Gauvain Sers,gauvain-sers,,,,,,,,,,,,,,,distinctive,,2,,,,6874813744395277530 | 1149069951352273848
Generation Sex,generation-sex,,,,,,,,,,,,,,,distinctive,,1,,,,7184280128899799870
Generations,generations,,,,,,,,,,,,,,,distinctive,,1,,,,
Genesis,genesis,,,,,,,,,,,,,,,distinctive,,5,,,,5309076457116702701
Genesis Revisited,genesis-revisited,,,,,,,,,,,,,,,distinctive,,2,,,,
George Clinton,george-clinton,,,,,,,,,,,,,,,distinctive,,1,,,,
George Thorogood,george-thorogood,,,,,,,,,,,,,,,distinctive,,2,,,,
Ghost,ghost,,,,,,,,,,,,,,,common_word,,1,,,,
Girl Tones,girl-tones,,,,,,,,,,,,,,,distinctive,,1,,,,5109215071216803279
Girlschool,girlschool,,,,,,,,,,,,,,,distinctive,,1,,,,6795682918765690239
Glenn Hughes,glenn-hughes,,,,,,,,,,,,,,,distinctive,,2,,,,5626750354542005159
Godsleep,godsleep,,,,,,,,,,,,,,,distinctive,,1,,,,7599656422397371754
Gogol Bordello,gogol-bordello,,,,,,,,,,,,,,,distinctive,,8,,,,686683043273130742 | 7763652124365716246 | 962787080823286928
Gonzalo Rubalcaba,gonzalo-rubalcaba,,,,,,,,,,,,,,,distinctive,,1,,,,3184102789250882467
Gorgoroth,gorgoroth,,,,,,,,,,,,,,,distinctive,,1,,,,5383872472588361765
Gov't Mule,gov-t-mule,,,,,,,,,,,,,,,distinctive,,5,,,,6672300345679873802 | 7447942750666479244 | 842379005049820687 | 6552731648461486696
Great White,great-white,,,,,,,,,,,,,,,distinctive,,1,,,,
Gregory Alan Isakov,gregory-alan-isakov,,,,,,,,,,,,,,,distinctive,,1,,,,4871648333923974603
Grove,grove,,,,,,,,,,,,,,,distinctive,,1,,,,8209209496730363200
Guantanamo School of Medicine,guantanamo-school-of-medicine,,,,,,,,,,,,,,,distinctive,,1,,,,
Guns N' Roses,guns-n-roses,,,,,,,,,,,,,,,distinctive,,10,,,,3094638451486709593 | 5367608758581641729 | 1353161037545135283 | 3977085606551960666 | 8472647389343679710 | 1428002177371234943 | 2309681460263700270 | 6486312901441181457
Gus G,gus-g,,,,,,,,,,,,,,,distinctive,,1,,,,5626435909745339633
Gyasi,gyasi,,,,,,,,,,,,,,,distinctive,,3,,,,606922343052280491
Gypsy Mitchell,gypsy-mitchell,,,,,,,,,,,,,,,distinctive,,1,,,,6836595303676454482
H.E.A.T.,h-e-a-t,,,,,,,,,,,,,,,distinctive,,1,,,,4221803233265176454
Haken,haken,,,,,,,,,,,,,,,distinctive,,1,,,,8042170365059485826
Halestorm,halestorm,,,,,,,,,,,,,,,distinctive,,5,,,,1008662494542736331 | 2873035756082618812 | 7908702992916700410
Halo Effect,halo-effect,,,,,,,,,,,,,,,distinctive,,2,,,,1829021204470073929
Hana Lili,hana-lili,,,,,,,,,,,,,,,distinctive,,1,,,,5842162092798595760
Hannah Ashcroft,hannah-ashcroft,,,,,,,,,,,,,,,distinctive,,1,,,,3666344107644206185
Hannah Rickard,hannah-rickard,,,,,,,,,,,,,,,distinctive,,1,,,,
Harry Merry,harry-merry,,,,,,,,,,,,,,,distinctive,,1,,,,3230830328464248208
Heartworms,heartworms,,,,,,,,,,,,,,,distinctive,,2,,,,520693944237701025
Heathen,heathen,,,,,,,,,,,,,,,distinctive,,1,,,,8617315296642199680
Heather Nova,heather-nova,,,,,,,,,,,,,,,distinctive,,2,,,,9007875994632076088
Heaven Shall Burn,heaven-shall-burn,,,,,,,,,,,,,,,distinctive,,2,,,,8546382252253966233
Hellacopters,hellacopters,,,,,,,,,,,,,,,distinctive,,1,,,,
Helloween,helloween,,,,,,,,,,,,,,,distinctive,,3,,,,3212377548471415725 | 5077706756120134860
Hermano,hermano,,,,,,,,,,,,,,,distinctive,,2,,,,7213580509485151050
Hey Guy,hey-guy,,,,,,,,,,,,,,,distinctive,,2,,,,6473484895491572240
Hi-Stakes,hi-stakes,,,,,,,,,,,,,,,distinctive,,1,,,,5402902981736085369
High Llamas,high-llamas,,,,,,,,,,,,,,,distinctive,,1,,,,8373703717852838003
Hohnen Ford,hohnen-ford,,,,,,,,,,,,,,,distinctive,,1,,,,4353113344356286896
Hollywood Vampires,hollywood-vampires,,,,,,,,,,,,,,,distinctive,,6,,,,473711683572999826 | 5801624021027322977
Honnet Brothers,honnet-brothers,,,,,,,,,,,,,,,distinctive,,1,,,,901705768580208745
Honora,honora,,,,,,,,,,,,,,,distinctive,,1,,,,
Horrors,horrors,,,,,,,,,,,,,,,distinctive,,1,,,,4639698446344064171
Howling Giant,howling-giant,,,,,,,,,,,,,,,distinctive,,1,,,,2418529105226122113
Hozier,hozier,,,,,,,,,,,,,,,distinctive,,1,,,,
Humanist,humanist,,,,,,,,,,,,,,,distinctive,,2,,,,8011969686758942650 | 842686749237003390
Humanity's Last Breath,humanity-s-last-breath,,,,,,,,,,,,,,,distinctive,,2,,,,2040338046628387578
Hypocrisy,hypocrisy,,,,,,,,,,,,,,,distinctive,,2,,,,6356534180630724918
Ice Nine Kills,ice-nine-kills,,,,,,,,,,,,,,,distinctive,,1,,,,8785705770864916522
Iggor Cavalera,iggor-cavalera,,,,,,,,,,,,,,,distinctive,,2,,,,
Iggy Pop,iggy-pop,,,,,,,,,,,,,,,distinctive,,1,,,,5079821736142979867
Imelda May,imelda-may,,,,,,,,,,,,,,,distinctive,,2,,,,
Immolation,immolation,,,,,,,,,,,,,,,distinctive,,2,,,,2729410319888905369
In Flames,in-flames,,,,,,,,,,,,,,,distinctive,,2,,,,6410028586269535623
Infected Rain,infected-rain,,,,,,,,,,,,,,,distinctive,,1,,,,4425256308984471145
Iron Maiden,iron-maiden,,,,,,,,,,,,,,,distinctive,,10,,,,5253083620390741059 | 1013368678849109914 | 6773035069243546442 | 8091008848481026673 | 5309724327077103570
Israel Nash,israel-nash,,,,,,,,,,,,,,,distinctive,,1,,,,2069154460039980098
J. Robbins,j-robbins,,,,,,,,,,,,,,,distinctive,,1,,,,3774282890303639249
Jack Art,jack-art,,,,,,,,,,,,,,,distinctive,,1,,,,1292566489723740760
James Taylor,james-taylor,,,,,,,,,,,,,,,distinctive,,1,,,,162222338845663966
Jamie Saft,jamie-saft,,,,,,,,,,,,,,,distinctive,,1,,,,6702814536492752926
Jane's Addiction,jane-s-addiction,,,,,,,,,,,,,,,distinctive,,2,,,,114701247927614517
Jared James Nichols,jared-james-nichols,,,,,,,,,,,,,,,distinctive,,6,,,,2158526771076424734 | 9019024530635074443 | 2271403461628075170 | 1281976931004426518
Jason Isbell,jason-isbell,,,,,,,,,,,,,,,distinctive,,3,,,,
Jawhar,jawhar,,,,,,,,,,,,,,,distinctive,,1,,,,8062554286814399277
Jay Bellerose,jay-bellerose,,,,,,,,,,,,,,,distinctive,,1,,,,
Jazz à la Villette,jazz-a-la-villette,,,,,,,,,,,,,,,distinctive,,1,,,,
JD McPherson,jd-mcpherson,,,,,,,,,,,,,,,distinctive,,1,,,,8803249220665003401
Jeff Beck,jeff-beck,,,,,,,,,,,,,,,distinctive,,9,,,,5026586123874537903 | 8325574670267436352 | 854731306838916045
Jeffrey Foucault,jeffrey-foucault,,,,,,,,,,,,,,,distinctive,,1,,,,5516119256703621245
Jello Biafra,jello-biafra,,,,,,,,,,,,,,,distinctive,,2,,,,
Jerry Joseph,jerry-joseph,,,,,,,,,,,,,,,distinctive,,1,,,,2203486788621291531
Jesse Malin,jesse-malin,,,,,,,,,,,,,,,distinctive,,1,,,,5504256147153167654
Jesse Sykes,jesse-sykes,,,,,,,,,,,,,,,distinctive,,1,,,,
Jessica Hernandez,jessica-hernandez,,,,,,,,,,,,,,,distinctive,,1,,,,
Jethro Tull,jethro-tull,,,,,,,,,,,,,,,distinctive,,3,,,,19062744244282763 | 5369746492523905615
Jimmie Vaughan,jimmie-vaughan,,,,,,,,,,,,,,,distinctive,,1,,,,
Jinjer,jinjer,,,,,,,,,,,,,,,distinctive,,4,,,,8783181135519845741
JJ Wilde,jj-wilde,,,,,,,,,,,,,,,distinctive,,1,,,,4558554812800457214
Joe Black,joe-black,,,,,,,,,,,,,,,distinctive,,1,,,,2965318677285345240
Joe Bonamassa,joe-bonamassa,,,,,,,,,,,,,,,distinctive,,3,,,,955151783234165710
Joe Satriani,joe-satriani,,,,,,,,,,,,,,,distinctive,,3,,,,8888545019230039750
Joey Valence & Brae,joey-valence-brae,,,,,,,,,,,,,,,distinctive,,1,,,,
John Fogerty,john-fogerty,,,,,,,,,,,,,,,distinctive,,2,,,,4082211306607194716
John Garcia,john-garcia,,,,,,,,,,,,,,,distinctive,,1,,,,
John Hiatt,john-hiatt,,,,,,,,,,,,,,,distinctive,,1,,,,
John Mayall,john-mayall,,,,,,,,,,,,,,,distinctive,,2,,,,2092874145357479217
John Mayer,john-mayer,,,,,,,,,,,,,,,distinctive,,1,,,,1862363198144747089
John McLaughlin,john-mclaughlin,,,,,,,,,,,,,,,distinctive,,3,,,,2260864955456505357 | 2932159454732915316
John Parr,john-parr,,,,,,,,,,,,,,,distinctive,,1,,,,7624659814878571014
John Scofield,john-scofield,,,,,,,,,,,,,,,distinctive,,1,,,,
Johnny Depp,johnny-depp,,,,,,,,,,,,,,,distinctive,,3,,,,
Jonathan Frith,jonathan-frith,,,,,,,,,,,,,,,distinctive,,1,,,,8493512206612781051
Jonny Lang,jonny-lang,,,,,,,,,,,,,,,distinctive,,2,,,,2884035839611152931 | 2699010209187252021
Josie,josie,,,,,,,,,,,,,,,distinctive,,1,,,,907609721358215156
Judas Priest,judas-priest,,,,,,,,,,,,,,,distinctive,,2,,,,336080689831918033
Julia Cumming,julia-cumming,,,,,,,,,,,,,,,distinctive,,2,,,,7802553375958303736
Julien Gasc,julien-gasc,,,,,,,,,,,,,,,distinctive,,1,,,,
Justin Robinson,justin-robinson,,,,,,,,,,,,,,,distinctive,,1,,,,
Justyna Kelley,justyna-kelley,,,,,,,,,,,,,,,distinctive,,1,,,,270160858118860890
Karen O,karen-o,,,,,,,,,,,,,,,distinctive,,1,,,,
Katatonia,katatonia,,,,,,,,,,,,,,,distinctive,,1,,,,
Kathrine Shepard,kathrine-shepard,,,,,,,,,,,,,,,distinctive,,1,,,,
Katie Henry,katie-henry,,,,,,,,,,,,,,,distinctive,,1,,,,495201582161754154
Keb' Mo',keb-mo,,,,,,,,,,,,,,,distinctive,,6,,,,9102061057880445300 | 7025511646121489325
Keefus Ciancia,keefus-ciancia,,,,,,,,,,,,,,,distinctive,,1,,,,
Kenny Mason,kenny-mason,,,,,,,,,,,,,,,distinctive,,1,,,,7389678828064609520
Khamari,khamari,,,,,,,,,,,,,,,distinctive,,1,,,,8032662639432856356
Kid Congo,kid-congo,,,,,,,,,,,,,,,distinctive,,2,,,,
Kiefer Sutherland,kiefer-sutherland,,,,,,,,,,,,,,,distinctive,,1,,,,1556971367948350574
Killer Kin,killer-kin,,,,,,,,,,,,,,,distinctive,,5,,,,9173032331279230009 | 8618368759909585475
Kimberose,kimberose,,,,,,,,,,,,,,,distinctive,,1,,,,4368114521545784760
King Crimson,king-crimson,,,,,,,,,,,,,,,distinctive,,10,,,,7600646654184497591 | 6079774829657245216 | 2508702198050233138 | 5196387953909219674 | 6618389109161826794
King's X,king-s-x,,,,,,,,,,,,,,,distinctive,,1,,,,4578936690298774641
KISS,kiss,,,,,,,,,,,,,,,distinctive,,3,,,,1725274702170509536
Klone,klone,,,,,,,,,,,,,,,distinctive,,1,,,,481347975268092715
Knives,knives,,,,,,,,,,,,,,,distinctive,,1,,,,4906677159378017070
Knower,knower,,,,,,,,,,,,,,,distinctive,,1,,,,
Koritni,koritni,,,,,,,,,,,,,,,distinctive,,1,,,,6218365527554360270
Kreator,kreator,,,,,,,,,,,,,,,distinctive,,4,,,,1596508426207222009 | 9137303205290922293
Kris Barras Band,kris-barras-band,,,,,,,,,,,,,,,distinctive,,5,,,,106763784705349607 | 4671448874052103135 | 2547368597847191689
Kula Shaker,kula-shaker,,,,,,,,,,,,,,,distinctive,,2,,,,5649434670379571069
Kvelertak,kvelertak,,,,,,,,,,,,,,,distinctive,,1,,,,2854788050461900608
L.A. Guns,l-a-guns,,,,,,,,,,,,,,,distinctive,,1,,,,
L7,l7,,,,,,,,,,,,,,,distinctive,,2,,,,1359080831214302656
La Femme,la-femme,,,,,,,,,,,,,,,distinctive,,1,,,,3570817321938155623
Lacuna Coil,lacuna-coil,,,,,,,,,,,,,,,distinctive,,2,,,,7169109607416250804
Lady Gaga,lady-gaga,,,,,,,,,,,,,,,distinctive,,1,,,,
Lamb of God,lamb-of-god,,,,,,,,,,,,,,,distinctive,,1,,,,5903553664063556506
Larkin Poe,larkin-poe,,,,,,,,,,,,,,,distinctive,,4,,,,6707682040028707590 | 1147845007217137115
Las Robertas,las-robertas,,,,,,,,,,,,,,,distinctive,,1,,,,3821025316444327158
Last In Line,last-in-line,,,,,,,,,,,,,,,distinctive,,2,,,,1133751506842444419
Last Internationale,last-internationale,,,,,,,,,,,,,,,distinctive,,2,,,,913024517693065610 | 8076487239674029658
Laura Cox,laura-cox,,,,,,,,,,,,,,,distinctive,,2,,,,7339455199660150053
Lee Fields & the Expressions,lee-fields-the-expressions,,,,,,,,,,,,,,,distinctive,,1,,,,
Lemonheads,lemonheads,,,,,,,,,,,,,,,distinctive,,2,,,,
Les Insus?,les-insus,,,,,,,,,,,,,,,distinctive,,1,,,,5932667059502062101
Lettuce,lettuce,,,,,,,,,,,,,,,distinctive,,1,,,,5225277451446469901
Lev Radagan,lev-radagan,,,,,,,,,,,,,,,distinctive,,1,,,,7880199858334241472
Leyla McCalla,leyla-mccalla,,,,,,,,,,,,,,,distinctive,,4,,,,880770991428518838 | 4614189874994554436 | 5585354422424850219
Libertines,libertines,,,,,,,,,,,,,,,distinctive,,1,,,,1140299269744505168
Lil2Hood AKA Fla$h,lil2hood-aka-fla-h,,,,,,,,,,,,,,,distinctive,,1,,,,3741513889019491512
Limp Bizkit,limp-bizkit,,,,,,,,,,,,,,,distinctive,,2,,,,402855955698708333 | 6074366950004105640
Little Caesar,little-caesar,,,,,,,,,,,,,,,distinctive,,1,,,,3835625014416233068
Little Steven,little-steven,,,,,,,,,,,,,,,distinctive,,2,,,,
Liv Kristine,liv-kristine,,,,,,,,,,,,,,,distinctive,,1,,,,
Lloyd Cole,lloyd-cole,,,,,,,,,,,,,,,distinctive,,3,,,,5828370490786402691 | 4261253263129336215
Loading Data,loading-data,,,,,,,,,,,,,,,distinctive,,1,,,,6493087066035548895
Lorna Shore,lorna-shore,,,,,,,,,,,,,,,distinctive,,2,,,,7122850318289223383
Lowland Brothers,lowland-brothers,,,,,,,,,,,,,,,distinctive,,1,,,,3369664577012776949
Lucifer,lucifer,,,,,,,,,,,,,,,distinctive,,1,,,,613398062003014092
Lucinda Williams,lucinda-williams,,,,,,,,,,,,,,,distinctive,,1,,,,4377795421729974864
Luke Combs,luke-combs,,,,,,,,,,,,,,,distinctive,,1,,,,3702950745638022753
Lynyrd Skynyrd,lynyrd-skynyrd,,,,,,,,,,,,,,,distinctive,,5,,,,5644605888521646387 | 6138136155605945163
M-Pire of Evil,m-pire-of-evil,,,,,,,,,,,,,,,distinctive,,1,,,,789078861455841509
Maceo Parker,maceo-parker,,,,,,,,,,,,,,,distinctive,,1,,,,3409530820790243205
Macklemore,macklemore,,,,,,,,,,,,,,,distinctive,,2,,,,6881327348519556993
Madeline Goldstein,madeline-goldstein,,,,,,,,,,,,,,,distinctive,,1,,,,6513626597976189352
Madonna,madonna,,,,,,,,,,,,,,,distinctive,,1,,,,7662288437163274454
Maggie Lindemann,maggie-lindemann,,,,,,,,,,,,,,,distinctive,,1,,,,718651842172965684
Mai Mai Mai,mai-mai-mai,,,,,,,,,,,,,,,distinctive,,1,,,,2837269347205445689
Maia Kalwill,maia-kalwill,,,,,,,,,,,,,,,distinctive,,1,,,,8057915442829226110
Malted Milk,malted-milk,,,,,,,,,,,,,,,distinctive,,1,,,,5979212723239966273
Mammoth,mammoth,,,,,,,,,,,,,,,distinctive,,5,,,,7113763137758752286 | 5007458594618480719
Mammoth WVH,mammoth-wvh,,,,,,,,,,,,,,,distinctive,,3,,,,6619553090665931604 | 3019747543026428010
Manowar,manowar,,,,,,,,,,,,,,,distinctive,,1,,,,
Marcus King,marcus-king,,,,,,,,,,,,,,,distinctive,,2,,,,35986851620332117 | 7845370898917560189
Marcus Miller,marcus-miller,,,,,,,,,,,,,,,distinctive,,1,,,,4878872414487134882
Marduk,marduk,,,,,,,,,,,,,,,distinctive,,5,,,,135682094475547981 | 6545487266749727562 | 6086752628745122039
Maren Morris,maren-morris,,,,,,,,,,,,,,,distinctive,,3,,,,435299019129800176
Marillion,marillion,,,,,,,,,,,,,,,distinctive,,4,,,,4164336143821318795 | 106093189903637830
Marilyn Manson,marilyn-manson,,,,,,,,,,,,,,,distinctive,,1,,,,
Mark Fain,mark-fain,,,,,,,,,,,,,,,distinctive,,1,,,,
Mark Kendall,mark-kendall,,,,,,,,,,,,,,,distinctive,,1,,,,
Marvin Gaye,marvin-gaye,,,,,,,,,,,,,,,distinctive,,1,,,,
Massacre,massacre,,,,,,,,,,,,,,,distinctive,,2,,,,6030936165926412533
Massive Attack,massive-attack,,,,,,,,,,,,,,,distinctive,,1,,,,3013852372465464764
Massive Wagons,massive-wagons,,,,,,,,,,,,,,,distinctive,,3,,,,5997657117597637715
Mastodon,mastodon,,,,,,,,,,,,,,,distinctive,,6,,,,2970265890765326672
Mathias Lattin,mathias-lattin,,,,,,,,,,,,,,,distinctive,,1,,,,8458818593345571299
Mathieu des Longchamps,mathieu-des-longchamps,,,,,,,,,,,,,,,distinctive,,1,,,,7741074745662074116
Matt Berninger,matt-berninger,,,,,,,,,,,,,,,distinctive,,2,,,,7744790158620951215
Mavis Staples,mavis-staples,,,,,,,,,,,,,,,distinctive,,1,,,,
Max Darmon,max-darmon,,,,,,,,,,,,,,,distinctive,,1,,,,4586460738405857346
Mayday Parade,mayday-parade,,,,,,,,,,,,,,,distinctive,,1,,,,1572804715146666294
Mayhem,mayhem,,,,,,,,,,,,,,,distinctive,,4,,,,4432062965152404256 | 3345923602393911710
Megadeth,megadeth,,,,,,,,,,,,,,,distinctive,,6,,,,1251632869922327269 | 4899891289179715882
Megan Moroney,megan-moroney,,,,,,,,,,,,,,,distinctive,,1,,,,5502054405413095650
Meghan Parnell,meghan-parnell,,,,,,,,,,,,,,,distinctive,,1,,,,
Melvin Taylor,melvin-taylor,,,,,,,,,,,,,,,distinctive,,1,,,,4057658337119911899
Mereki,mereki,,,,,,,,,,,,,,,distinctive,,1,,,,8816335010906596541
Metal - Diabolus In Musica,metal-diabolus-in-musica,,,,,,,,,,,,,,,distinctive,,1,,,,1487827650377782818
Metallica,metallica,,,,,,,,,,,,,,,distinctive,,6,,,,8057084301440051790 | 6235124858684994271 | 6253673180231839360
Method of Defiance,method-of-defiance,,,,,,,,,,,,,,,distinctive,,1,,,,2641889386035751609
Michael Marcagi,michael-marcagi,,,,,,,,,,,,,,,distinctive,,3,,,,1756858588518487552 | 7783760171903564804
Michael Schenker,michael-schenker,,,,,,,,,,,,,,,distinctive,,2,,,,318162725635530265
Midnight Oil,midnight-oil,,,,,,,,,,,,,,,distinctive,,1,,,,2907299416384097886
Mike Stern,mike-stern,,,,,,,,,,,,,,,distinctive,,1,,,,4596218272023988565
Mike Tramp,mike-tramp,,,,,,,,,,,,,,,distinctive,,1,,,,2934447624451482614
Mikkey Dee,mikkey-dee,,,,,,,,,,,,,,,distinctive,,2,,,,5325042798496226743
Militarie Gun,militarie-gun,,,,,,,,,,,,,,,distinctive,,2,,,,6802673014952990492
Mimi Barks,mimi-barks,,,,,,,,,,,,,,,distinctive,,1,,,,3964454616000733615
Mondial du Tatouage,mondial-du-tatouage,,,,,,,,,,,,,,,distinctive,,4,,,,1873072782694013076 | 8072057726927151075
MonoNeon,mononeon,,,,,,,,,,,,,,,distinctive,,3,,,,1887333461601402275 | 1908402188566888045
Monster Truck,monster-truck,,,,,,,,,,,,,,,distinctive,,1,,,,3366044935940428596
Monty Alexander,monty-alexander,,,,,,,,,,,,,,,distinctive,,2,,,,1848550250756678869
Morbid Angel,morbid-angel,,,,,,,,,,,,,,,distinctive,,2,,,,
Morcheeba,morcheeba,,,,,,,,,,,,,,,distinctive,,1,,,,
Morrissey,morrissey,,,,,,,,,,,,,,,distinctive,,3,,,,8251751456293931944 | 7098620415654595839
Mothica,mothica,,,,,,,,,,,,,,,distinctive,,1,,,,7620772252316443435
Motionless in White,motionless-in-white,,,,,,,,,,,,,,,distinctive,,1,,,,8696518255131311929
Motörhead,motorhead,,,,,,,,,,,,,,,distinctive,,1,,,,
Mouth Culture,mouth-culture,,,,,,,,,,,,,,,distinctive,,2,,,,5866804261018471819
Mr. Big,mr-big,,,,,,,,,,,,,,,distinctive,,1,,,,8874628355267008692
MRCY,mrcy,,,,,,,,,,,,,,,distinctive,,1,,,,5820704188639620118
Ms. Lauryn Hill,ms-lauryn-hill,,,,,,,,,,,,,,,distinctive,,1,,,,1284261799996561400
Mudhoney,mudhoney,,,,,,,,,,,,,,,distinctive,,1,,,,5444872147852272773
Murray Head,murray-head,,,,,,,,,,,,,,,distinctive,,3,,,,7274247106568454519 | 7746978182417971678
Musée de la Musique,musee-de-la-musique,,,,,,,,,,,,,,,distinctive,,1,,,,5956057993592769065
Myrkur,myrkur,,,,,,,,,,,,,,,distinctive,,1,,,,6453941503420272646
Nails,nails,,,,,,,,,,,,,,,distinctive,,1,,,,941237716104880962
Napalm Death,napalm-death,,,,,,,,,,,,,,,distinctive,,5,,,,2283109314976078958 | 8860365014610725696 | 4677787757479673655
Nas,nas,,,,,,,,,,,,,,,distinctive,,1,,,,2181305668310907384
Neal Black & the Healers,neal-black-the-healers,,,,,,,,,,,,,,,distinctive,,1,,,,
Neal Morse,neal-morse,,,,,,,,,,,,,,,distinctive,,2,,,,3672796793371468597
Ned Evett,ned-evett,,,,,,,,,,,,,,,distinctive,,1,,,,8672716534140153272
Neil Hannon,neil-hannon,,,,,,,,,,,,,,,distinctive,,1,,,,
Neil Young and the Chrome Hearts,neil-young-and-the-chrome-hearts,,,,,,,,,,,,,,,distinctive,,1,,,,
New Years Day,new-years-day,,,,,,,,,,,,,,,distinctive,,1,,,,3204629285535489414
Nick Lowe,nick-lowe,,,,,,,,,,,,,,,distinctive,,1,,,,
Nick Mason,nick-mason,,,,,,,,,,,,,,,distinctive,,1,,,,
Nightwish,nightwish,,,,,,,,,,,,,,,distinctive,,1,,,,3077772750433674205
Nile Rodgers,nile-rodgers,,,,,,,,,,,,,,,distinctive,,1,,,,
Nina Savary,nina-savary,,,,,,,,,,,,,,,distinctive,,1,,,,
North Mississippi Allstars,north-mississippi-allstars,,,,,,,,,,,,,,,distinctive,,1,,,,958396269745554809
O.R.K.,o-r-k,,,,,,,,,,,,,,,distinctive,,4,,,,6790535469227330804 | 6926407168340504258
Oasis,oasis,,,,,,,,,,,,,,,distinctive,,2,,,,
Obituary,obituary,,,,,,,,,,,,,,,distinctive,,4,,,,
Obscura,obscura,,,,,,,,,,,,,,,distinctive,,1,,,,752717331627828553
Ocean Grove,ocean-grove,,,,,,,,,,,,,,,distinctive,,1,,,,918251889647245635
Old Man's Child,old-man-s-child,,,,,,,,,,,,,,,distinctive,,1,,,,5067616286948254780
Opeth,opeth,,,,,,,,,,,,,,,distinctive,,3,,,,3370528218160896550 | 7862455767615482243 | 7585512112430171734
Oranssi Pazuzu,oranssi-pazuzu,,,,,,,,,,,,,,,distinctive,,2,,,,6077129048719759732
OsamaSon,osamason,,,,,,,,,,,,,,,distinctive,,1,,,,1454030716396644761
Osees,osees,,,,,,,,,,,,,,,distinctive,,1,,,,8404072457259122373
Our Native Daughters,our-native-daughters,,,,,,,,,,,,,,,distinctive,,1,,,,
Overkill,overkill,,,,,,,,,,,,,,,distinctive,,1,,,,5740307166289263160
Ozzy Osbourne,ozzy-osbourne,,,,,,,,,,,,,,,distinctive,,8,,,,4070072627371254197
Paerish,paerish,,,,,,,,,,,,,,,distinctive,,1,,,,2176848230263606217
Papa Roach,papa-roach,,,,,,,,,,,,,,,distinctive,,2,,,,495853143677981490
Papangu,papangu,,,,,,,,,,,,,,,distinctive,,1,,,,1664759816246187865
Parchman Prison Prayer,parchman-prison-prayer,,,,,,,,,,,,,,,distinctive,,1,,,,
Parfum Noir,parfum-noir,,,,,,,,,,,,,,,distinctive,,1,,,,1476683822092715016
Paris Jackson,paris-jackson,,,,,,,,,,,,,,,distinctive,,2,,,,2443780340118396514
Parliament,parliament,,,,,,,,,,,,,,,distinctive,,2,,,,
Pat Mastelotto,pat-mastelotto,,,,,,,,,,,,,,,distinctive,,2,,,,
Patrick Rondat,patrick-rondat,,,,,,,,,,,,,,,distinctive,,2,,,,303898491177059921
Patristic,patristic,,,,,,,,,,,,,,,distinctive,,1,,,,8556668032802695274
Patterson Hood,patterson-hood,,,,,,,,,,,,,,,distinctive,,1,,,,
Patti Smith,patti-smith,,,,,,,,,,,,,,,distinctive,,1,,,,8383799708265909921
Patty Griffin,patty-griffin,,,,,,,,,,,,,,,distinctive,,1,,,,
Paul McCartney,paul-mccartney,,,,,,,,,,,,,,,distinctive,,6,,,,311406651220854802 | 2800623550643988046
Pere Ubu,pere-ubu,,,,,,,,,,,,,,,distinctive,,1,,,,6869406512059463906
Peter Hook & The Light,peter-hook-the-light,,,,,,,,,,,,,,,distinctive,,2,,,,
Pink Balls Sister,pink-balls-sister,,,,,,,,,,,,,,,distinctive,,1,,,,6680970813435794446
Pink Monkey Birds,pink-monkey-birds,,,,,,,,,,,,,,,distinctive,,1,,,,
Pinky Pinky,pinky-pinky,,,,,,,,,,,,,,,distinctive,,1,,,,
Pixies,pixies,,,,,,,,,,,,,,,distinctive,,2,,,,6379233620449477881
Play It Loud,play-it-loud,,,,,,,,,,,,,,,distinctive,,1,,,,7829326842414138496
Plini,plini,,,,,,,,,,,,,,,distinctive,,1,,,,8916464660708434250
Point Mort,point-mort,,,,,,,,,,,,,,,distinctive,,1,,,,5635874593005522014
Popa Chubby,popa-chubby,,,,,,,,,,,,,,,distinctive,,4,,,,7550535291629082499 | 3755524163522691070 | 4648068387740684559 | 8425485801655347107
Poppy,poppy,,,,,,,,,,,,,,,distinctive,,1,,,,9024104488092835330
Portal,portal,,,,,,,,,,,,,,,distinctive,,1,,,,
Posies,posies,,,,,,,,,,,,,,,distinctive,,2,,,,
Possessed,possessed,,,,,,,,,,,,,,,common_word,,3,,,,7284301784016382234 | 2693319550651092440
Pretenders,pretenders,,,,,,,,,,,,,,,distinctive,,2,,,,3070621368283662940
Pretty Reckless,pretty-reckless,,,,,,,,,,,,,,,distinctive,,1,,,,5487284523222466559
Primal Fear,primal-fear,,,,,,,,,,,,,,,distinctive,,1,,,,
Primal Scream,primal-scream,,,,,,,,,,,,,,,distinctive,,1,,,,8659866150983803778
Prince,prince,,,,,,,,,,,,,,,distinctive,,1,,,,6457057854889587003
Psychedelic Furs,psychedelic-furs,,,,,,,,,,,,,,,distinctive,,1,,,,1362808471337914277
Psychedelic Porn Crumpets,psychedelic-porn-crumpets,,,,,,,,,,,,,,,distinctive,,1,,,,8292265656796098565
Psychic Graveyard,psychic-graveyard,,,,,,,,,,,,,,,distinctive,,1,,,,4680001767287246310
Public Enemy,public-enemy,,,,,,,,,,,,,,,distinctive,,3,,,,3150319714720866125
Public House,public-house,,,,,,,,,,,,,,,distinctive,,1,,,,5324647690246208344
Public Image Ltd.,public-image-ltd,,,,,,,,,,,,,,,distinctive,,1,,,,4305290486332651068
Public Service Broadcasting,public-service-broadcasting,,,,,,,,,,,,,,,distinctive,,2,,,,2523760711754235364
Pulp,pulp,,,,,,,,,,,,,,,distinctive,,1,,,,
Pythies,pythies,,,,,,,,,,,,,,,distinctive,,1,,,,5510811359988627366
Q Lazzarus,q-lazzarus,,,,,,,,,,,,,,,distinctive,,1,,,,
QUEEN BEE,queen-bee,,,,,,,,,,,,,,,distinctive,,1,,,,585624301904655831
Queensrÿche,queensryche,,,,,,,,,,,,,,,distinctive,,2,,,,1965193256796018806 | 5980535586157484716
Rammstein,rammstein,,,,,,,,,,,,,,,distinctive,,1,,,,
Raphael Saadiq,raphael-saadiq,,,,,,,,,,,,,,,distinctive,,1,,,,925276057525268500
Raven Age,raven-age,,,,,,,,,,,,,,,distinctive,,1,,,,1657785999428087839
Renaud,renaud,,,,,,,,,,,,,,,distinctive,,6,,,,8936115794068836505 | 8148178070063673120 | 7162705483818491789
Rhiannon Giddens,rhiannon-giddens,,,,,,,,,,,,,,,distinctive,,6,,,,5601868476386082780
Richard Bona/Alfredo Rodriguez Trio,richard-bona-alfredo-rodriguez-trio,,,,,,,,,,,,,,,distinctive,,1,,,,8250808478680218130
Richard Marx,richard-marx,,,,,,,,,,,,,,,distinctive,,1,,,,4404941970199107069
Richie Kotzen,richie-kotzen,,,,,,,,,,,,,,,distinctive,,2,,,,1107178132607246754
Ride,ride,,,,,,,,,,,,,,,distinctive,,3,,,,6213543105162032719 | 4963568173953223428
Ringo Starr,ringo-starr,,,,,,,,,,,,,,,distinctive,,4,,,,
Rival Sons,rival-sons,,,,,,,,,,,,,,,distinctive,,4,,,,6273683431305424056 | 6867183966642460527
Rob Zombie,rob-zombie,,,,,,,,,,,,,,,distinctive,,2,,,,3914977595287955056
Robert Jon Burrison,robert-jon-burrison,,,,,,,,,,,,,,,distinctive,,1,,,,
Robert Jon & the Wreck,robert-jon-the-wreck,,,,,,,,,,,,,,,distinctive,,5,,,,
Robert Plant,robert-plant,,,,,,,,,,,,,,,distinctive,,4,,,,
Robin Trower,robin-trower,,,,,,,,,,,,,,,distinctive,,1,,,,
Rock n' Roll Doctors,rock-n-roll-doctors,,,,,,,,,,,,,,,distinctive,,1,,,,8252886892193464166
Roger Dean,roger-dean,,,,,,,,,,,,,,,distinctive,,1,,,,37726129496199704
Roger Miret,roger-miret,,,,,,,,,,,,,,,distinctive,,1,,,,
Roger Waters,roger-waters,,,,,,,,,,,,,,,distinctive,,1,,,,468752097242933592
Rolling Stones,rolling-stones,,,,,,,,,,,,,,,distinctive,,15,,,,6738311452493419943
Ronboy,ronboy,,,,,,,,,,,,,,,distinctive,,1,,,,1487964510972832961
Ronnie Wood,ronnie-wood,,,,,,,,,,,,,,,distinctive,,3,,,,
Rook Road,rook-road,,,,,,,,,,,,,,,distinctive,,1,,,,1540520846089045666
Rosalie Cunningham,rosalie-cunningham,,,,,,,,,,,,,,,distinctive,,1,,,,8515585328025771664
Ross,ross,,,,,,,,,,,,,,,distinctive,,1,,,,
Rotten Sound,rotten-sound,,,,,,,,,,,,,,,distinctive,,1,,,,7998064599870156537
Royal Blood,royal-blood,,,,,,,,,,,,,,,distinctive,,2,,,,341795797691608547
Rozedale,rozedale,,,,,,,,,,,,,,,distinctive,,1,,,,3647130363928688062
Rufus Wainwright,rufus-wainwright,,,,,,,,,,,,,,,distinctive,,1,,,,2968351732647265138
Run Ronie Run,run-ronie-run,,,,,,,,,,,,,,,distinctive,,2,,,,8634511851285315494 | 3885865571629525118
Runaway Club,runaway-club,,,,,,,,,,,,,,,distinctive,,1,,,,8043816699054917345
Ry Cooder,ry-cooder,,,,,,,,,,,,,,,distinctive,,3,,,,
Ryan Adams,ryan-adams,,,,,,,,,,,,,,,distinctive,,1,,,,3023619841990523918
Sadus,sadus,,,,,,,,,,,,,,,distinctive,,1,,,,4503550340238071307
Saint Agnes,saint-agnes,,,,,,,,,,,,,,,distinctive,,1,,,,8847729991535694178
Saint Vitus,saint-vitus,,,,,,,,,,,,,,,distinctive,,3,,,,2476085617346995896 | 4183701701498254342
Sam Quealey,sam-quealey,,,,,,,,,,,,,,,distinctive,,1,,,,8927959433748866775
Sammy Hagar,sammy-hagar,,,,,,,,,,,,,,,distinctive,,2,,,,
Sandra Nkaké,sandra-nkake,,,,,,,,,,,,,,,distinctive,,1,,,,6556568408014668795
Sanguisugabogg,sanguisugabogg,,,,,,,,,,,,,,,distinctive,,1,,,,5443839990180601346
Satchvai Band,satchvai-band,,,,,,,,,,,,,,,distinctive,,1,,,,3978641594581631474
Saucerful of Secrets,saucerful-of-secrets,,,,,,,,,,,,,,,distinctive,,1,,,,953699039614740564
Saxon,saxon,,,,,,,,,,,,,,,distinctive,,7,,,,6761206288601186130 | 7828597900472878431 | 1187246599756127249 | 3425731535692836192
Scary Goldings,scary-goldings,,,,,,,,,,,,,,,distinctive,,1,,,,
Scary Pockets,scary-pockets,,,,,,,,,,,,,,,distinctive,,1,,,,6309709787697516621
Scour,scour,,,,,,,,,,,,,,,distinctive,,1,,,,6514650278473066283
Seal,seal,,,,,,,,,,,,,,,distinctive,,1,,,,4247757016225807454
Seasick Steve,seasick-steve,Seasick Sick,,,,,,,,,,,,,,distinctive,,1,,,,6474223254171128913
Semblant,semblant,,,,,,,,,,,,,,,distinctive,,1,,,,1906926932432664792
Sensational Space Shifters,sensational-space-shifters,,,,,,,,,,,,,,,distinctive,,1,,,,
Sepultura,sepultura,,,,,,,,,,,,,,,distinctive,,3,,,,2875126126799512694 | 4890680990561064661
Shadow of Intent,shadow-of-intent,,,,,,,,,,,,,,,distinctive,,2,,,,925533643887414350
Shakkalo,shakkalo,,,,,,,,,,,,,,,distinctive,,2,,,,8001189626099477363 | 7576999321486015556
Shonen Knife,shonen-knife,,,,,,,,,,,,,,,distinctive,,1,,,,6676676226675888797
Shooter Jennings,shooter-jennings,,,,,,,,,,,,,,,distinctive,,1,,,,592334284243970232
Sigur Rós,sigur-ros,,,,,,,,,,,,,,,distinctive,,1,,,,
Simon McBride,simon-mcbride,,,,,,,,,,,,,,,distinctive,,1,,,,4883255037824671447
Simple Minds,simple-minds,,,,,,,,,,,,,,,distinctive,,3,,,,8690793191467125810 | 7684874170929927555
Simple Plan,simple-plan,,,,,,,,,,,,,,,distinctive,,4,,,,4805434841715920754 | 8920245158921729825
Simply Red,simply-red,,,,,,,,,,,,,,,distinctive,,1,,,,9050480564742566919
Six Feet Under,six-feet-under,,,,,,,,,,,,,,,distinctive,,1,,,,9166800051099508061
Skunk Anansie,skunk-anansie,,,,,,,,,,,,,,,distinctive,,3,,,,5154569846033004642
Skynd,skynd,,,,,,,,,,,,,,,distinctive,,2,,,,671767642800541207
Slash,slash,,,,,,,,,,,,,,,distinctive,,3,,,,
Slipknot,slipknot,,,,,,,,,,,,,,,distinctive,,1,,,,2109114861817773335
Smashing Pumpkins,smashing-pumpkins,,,,,,,,,,,,,,,distinctive,,3,,,,5983384587635291070
Smith/Kotzen,smith-kotzen,,,,,,,,,,,,,,,distinctive,,2,,,,6980513241988099372
Snow Patrol,snow-patrol,,,,,,,,,,,,,,,distinctive,,1,,,,5216158996832263860
Social Distortion,social-distortion,,,,,,,,,,,,,,,distinctive,,2,,,,302281547519125947 | 7909047564460051209
Soilwork,soilwork,,,,,,,,,,,,,,,distinctive,,1,,,,583890166967519023
Solace,solace,,,,,,,,,,,,,,,distinctive,,1,,,,1236032165753589625
Soledad Brothers,soledad-brothers,,,,,,,,,,,,,,,distinctive,,2,,,,5633078248620373137
Solence,solence,,,,,,,,,,,,,,,distinctive,,1,,,,7740568340959390674
Songhoy Blues,songhoy-blues,,,,,,,,,,,,,,,distinctive,,2,,,,1501305695121582929
Sonny Landreth,sonny-landreth,,,,,,,,,,,,,,,distinctive,,3,,,,
Sortilège,sortilege,,,,,,,,,,,,,,,distinctive,,2,,,,2720731037302268678
Southside Johnny,southside-johnny,,,,,,,,,,,,,,,distinctive,,2,,,,
Sparks,sparks,,,Ron Mael | Russell Mael,,,,,,,,,,,,common_word,Reviewed Electric Eye band identity,12,,,,1105820905426424553 | 7171048929493550285 | 9175932468505243993 | 5180464951490004401 | 2936049856022765427
Spiders,spiders,,,,,,,,,,,,,,,distinctive,,2,,,,1799478818508834830
Spiritual Beggars,spiritual-beggars,,,,,,,,,,,,,,,distinctive,,1,,,,1411312733353485993
Spiritualized,spiritualized,,,,,,,,,,,,,,,distinctive,,1,,,,8070468360482005058
Spite House,spite-house,,,,,,,,,,,,,,,distinctive,,1,,,,5896029198791647475
Split Dogs,split-dogs,,,,,,,,,,,,,,,distinctive,,1,,,,7306422338914868853
Spoon,spoon,,,,,,,,,,,,,,,distinctive,,1,,,,8838157005544928473
Squeeze,squeeze,,,,,,,,,,,,,,,distinctive,,2,,,,
Stanley Clarke,stanley-clarke,,,,,,,,,,,,,,,distinctive,,2,,,,6462224717822718747 | 5526710174405907803
Staples Jr. Singers,staples-jr-singers,,,,,,,,,,,,,,,distinctive,,1,,,,154654069650475047
Starsailor,starsailor,,,,,,,,,,,,,,,distinctive,,2,,,,3371686919106903513
Steel Panther,steel-panther,,,,,,,,,,,,,,,distinctive,,1,,,,6630788861358676613
Stereophonics,stereophonics,,,,,,,,,,,,,,,distinctive,,4,,,,964648608704473986
Steve Hackett,steve-hackett,,,,,,,,,,,,,,,distinctive,,6,,,,268550696156353460 | 2986559290279888674 | 7833926848915439862
Steve Vai,steve-vai,,,,,,,,,,,,,,,distinctive,,5,,,,5248723782043069241
Stiff Little Fingers,stiff-little-fingers,,,,,,,,,,,,,,,distinctive,,1,,,,7805940440734867430
Stoned Jesus,stoned-jesus,,,,,,,,,,,,,,,distinctive,,1,,,,8685296987584619839
Stratovarius,stratovarius,,,,,,,,,,,,,,,distinctive,,1,,,,3584828553973909413
Stray Cats,stray-cats,,,,,,,,,,,,,,,distinctive,,1,,,,
Stream of Passion,stream-of-passion,,,,,,,,,,,,,,,distinctive,,1,,,,3865862052775394339
Suede,suede,,,,,,,,,,,,,,,distinctive,,2,,,,4996627853424825754
Suffocation,suffocation,,,,,,,,,,,,,,,distinctive,,7,,,,3679372925349122105 | 8516309543507457940 | 7482153151242345190 | 8743592201649610626
Sugar,sugar,,,,,,,,,,,,,,,distinctive,,2,,,,1341413658388034014
Suicidal Angels,suicidal-angels,,,,,,,,,,,,,,,distinctive,,2,,,,1906697199949705462
Sunflower Bean,sunflower-bean,,,,,,,,,,,,,,,distinctive,,2,,,,96908962661245396
Sungazer,sungazer,,,,,,,,,,,,,,,distinctive,,1,,,,3808883342449994448
Sunn O))),sunn-o,,,,,,,,,,,,,,,distinctive,,3,,,,6998322534042490195
Supergrass,supergrass,,,,,,,,,,,,,,,distinctive,,1,,,,5170863794660222473
Surf Gang,surf-gang,,,,,,,,,,,,,,,distinctive,,1,,,,6518961862459027612
Swim School,swim-school,,,,,,,,,,,,,,,distinctive,,1,,,,8706946527603877703
Sylvaine,sylvaine,,,,,,,,,,,,,,,distinctive,,6,,,,2733971865712198569 | 3054404812360724483 | 5183160429486920935
Symphony X,symphony-x,,,,,,,,,,,,,,,distinctive,,1,,,,2436357801122185416
T Bone Burnett,t-bone-burnett,,,,,,,,,,,,,,,distinctive,,1,,,,
Taipei Houston,taipei-houston,,,,,,,,,,,,,,,distinctive,,2,,,,8353327748833197178 | 7208599603401364277
Taj Mahal,taj-mahal,,,,,,,,,,,,,,,distinctive,,1,,,,
Tarja Turunen,tarja-turunen,,,,,,,,,,,,,,,distinctive,,1,,,,8614416253253173993
Tatouage,tatouage,,,,,,,,,,,,,,,distinctive,,4,,,,
Teddy Swims,teddy-swims,,,,,,,,,,,,,,,distinctive,,4,,,,4202752226140505228 | 2119804581019565450
Tedeschi Trucks Band,tedeschi-trucks-band,Tedeschi/Trucks Band,,,,,,,,,,,,,,distinctive,,6,,,,8755579825414555311 | 8876658492775263539 | 6054245387503935230
Téléphone,telephone,,,,,,,,,,,,,,,distinctive,,1,,,,
Temperance Movement,temperance-movement,,,,,,,,,,,,,,,distinctive,,2,,,,6352371429075692934
Tenacious D,tenacious-d,,,,,,,,,,,,,,,distinctive,,2,,,,6133750213327561533
Tentative,tentative,,,,,,,,,,,,,,,distinctive,,1,,,,980926108585054929
Terrorizer,terrorizer,,,,,,,,,,,,,,,distinctive,,3,,,,2259634672137121543
Tesla,tesla,,,,,,,,,,,,,,,distinctive,,1,,,,
Tesseract,tesseract,,,,,,,,,,,,,,,distinctive,,1,,,,3561518864365135887
The Aristocrats,the-aristocrats,,,,,,,,,,,,,,,distinctive,,1,,,,2204308076465679238
The Black Crowes,the-black-crowes,,,,,,,,,,,,,,,distinctive,,2,,,,2702471101531903336
The Blackbyrds,the-blackbyrds,,,,,,,,,,,,,,,distinctive,,1,,,,8660127677325078247
The Bros. Landreth,the-bros-landreth,,,,,,,,,,,,,,,distinctive,,1,,,,517748591183420375
The Circle,the-circle,,,,,,,,,,,,,,,distinctive,,1,,,,
The Cockroaches,the-cockroaches,,,,,,,,,,,,,,,distinctive,,1,,,,
The Cryptic Corporation,the-cryptic-corporation,,,,,,,,,,,,,,,distinctive,,1,,,,
The Cult,the-cult,,,,,,,,,,,,,,,distinctive,,1,,,,5419945975003712174
The Cure,the-cure,,,,,,,,,,,,,,,distinctive,,4,,,,4147626765116290163
The Damned,the-damned,,,,,,,,,,,,,,,distinctive,,4,,,,952266493007969607 | 8603912031917985328 | 8004641375720694456
The Darkness,the-darkness,,,,,,,,,,,,,,,distinctive,,1,,,,7269864230478358237
The Datsuns,the-datsuns,,,,,,,,,,,,,,,distinctive,,2,,,,4925736368000643898
The Destroyers,the-destroyers,,,,,,,,,,,,,,,distinctive,,2,,,,
The Dip,the-dip,,,,,,,,,,,,,,,distinctive,,1,,,,3041545264433965704
The Divine Comedy,the-divine-comedy,,,,,,,,,,,,,,,distinctive,,1,,,,
The DSM IV,the-dsm-iv,,,,,,,,,,,,,,,distinctive,,1,,,,8822634048387386910
The Exploited,the-exploited,,,,,,,,,,,,,,,distinctive,,1,,,,7981969817769719044
The Flower Kings,the-flower-kings,,,,,,,,,,,,,,,distinctive,,2,,,,678497388417762243
The Funeral Portrait,the-funeral-portrait,,,,,,,,,,,,,,,distinctive,,1,,,,6277517991509917026
The Gentle Storm,the-gentle-storm,,,,,,,,,,,,,,,distinctive,,1,,,,7603058730809808427
The Herons,the-herons,,,,,,,,,,,,,,,distinctive,,1,,,,8818751471611966719
The Hot Damn!,the-hot-damn,,,,,,,,,,,,,,,distinctive,,1,,,,5749448752454885869
The Lemonheads,the-lemonheads,,,,,,,,,,,,,,,distinctive,,1,,,,6325919426915859302
The Lumineers,the-lumineers,,,,,,,,,,,,,,,distinctive,,1,,,,1052263388570635133
The Mastersons,the-mastersons,,,,,,,,,,,,,,,distinctive,,1,,,,3263712740305653999
The Melvins,the-melvins,,,,,,,,,,,,,,,distinctive,,1,,,,1237771212742348520
The Mentors,the-mentors,,,,,,,,,,,,,,,distinctive,,1,,,,5069427939937286326
The Mission,the-mission,,,,,,,,,,,,,,,distinctive,,1,,,,3838804548375541933
The Musical Box,the-musical-box,,,,,,,,,,,,,,,distinctive,,1,,,,640002488673059996
The National,the-national,,,,,,,,,,,,,,,distinctive,,1,,,,4823458277577775558
The Pineapple Thief,the-pineapple-thief,,,,,,,,,,,,,,,distinctive,,3,,,,1742617576512338186 | 5751257022307079855
The Pixies,the-pixies,,,,,,,,,,,,,,,distinctive,,1,,,,7370373257934382715
The Posies,the-posies,,,,,,,,,,,,,,,distinctive,,2,,,,3805993242878470631
The Prodigy,the-prodigy,,,,,,,,,,,,,,,distinctive,,1,,,,2170209734979276702
The Quireboys,the-quireboys,,,,,,,,,,,,,,,distinctive,,1,,,,
The Rasmus,the-rasmus,,,,,,,,,,,,,,,distinctive,,2,,,,3265604596894226210
The Residents,the-residents,,,,,,,,,,,,,,,distinctive,,3,,,,6870027453443692247
The Resonance,the-resonance,,,,,,,,,,,,,,,distinctive,,1,,,,
The Rolling Stones,the-rolling-stones,,,,,,,,,,,,,,,distinctive,,14,,,,4971213261583950940 | 461484123954871059 | 5699155883436583836 | 7600704829710541376 | 189464433969378974
The Sheepdogs,the-sheepdogs,Sheepdogs,,,,,,,,,,,,,,distinctive,,7,,,,396836948261662320 | 6721524756972944959 | 7386825068849865225 | 8684474788530987392
The Sirens,the-sirens,,,,,,,,,,,,,,,distinctive,,1,,,,208785750481655776
The Sophs,the-sophs,,,,,,,,,,,,,,,distinctive,,1,,,,2524058292330178407
The Subways,the-subways,,,,,,,,,,,,,,,distinctive,,3,,,,6260710461089796181 | 7310013483654516437
The The,the-the,,,,,,,,,,,,,,,distinctive,,1,,,,
The Tubes,the-tubes,,,,,,,,,,,,,,,distinctive,,1,,,,6807292034630273282
The Vaccines,the-vaccines,,,,,,,,,,,,,,,distinctive,,1,,,,7336315896815173168
the Waterboys,the-waterboys,,,,,,,,,,,,,,,distinctive,,2,,,,
The Weeknd,the-weeknd,,,,,,,,,,,,,,,distinctive,,1,,,,
The Who,the-who,,,,,,,,,,,,,,,distinctive,,5,,,,4876874756519699693 | 5491913680070058092
Therapy?,therapy,,,,,,,,,,,,,,,distinctive,,4,,,,2396912765593023630 | 6566596584849475020 | 5555022776457705772
Therion,therion,,,,,,,,,,,,,,,distinctive,,1,,,,8725672993146284878
These New Puritans,these-new-puritans,,,,,,,,,,,,,,,distinctive,,1,,,,
Thirty Seconds To Mars,thirty-seconds-to-mars,,,,,,,,,,,,,,,distinctive,,1,,,,4077739879641511258
Thomas Guerlet,thomas-guerlet,,,,,,,,,,,,,,,distinctive,,1,,,,2878213792068069832
Tift Merritt,tift-merritt,,,,,,,,,,,,,,,distinctive,,1,,,,5514035593089756112
Tiwayo,tiwayo,,,,,,,,,,,,,,,distinctive,,1,,,,7382771587095643143
Todd Rundgren,todd-rundgren,,,,,,,,,,,,,,,distinctive,,1,,,,
Tokyo Blade,tokyo-blade,,,,,,,,,,,,,,,distinctive,,1,,,,
Tom Morello,tom-morello,,,,,,,,,,,,,,,distinctive,,2,,,,7256174837246364853
Tommy Emmanuel,tommy-emmanuel,,,,,,,,,,,,,,,distinctive,,1,,,,3101121915876826359
Tony Iommi,tony-iommi,,,,,,,,,,,,,,,distinctive,,2,,,,
Toots & the Maytals,toots-the-maytals,,,,,,,,,,,,,,,distinctive,,2,,,,
Tori Amos,tori-amos,,,,,,,,,,,,,,,distinctive,,1,,,,3753362637579049533
Toto,toto,,,,,,,,,,,,,,,distinctive,,3,,,,3304797490155395438
Tower of Power,tower-of-power,,,,,,,,,,,,,,,distinctive,,1,,,,135877799508894438
Trail of Dead,trail-of-dead,,,,,,,,,,,,,,,distinctive,,2,,,,
Transatlantic,transatlantic,,,,,,,,,,,,,,,distinctive,,1,,,,5348409370546222016
Tremonti,tremonti,,,,,,,,,,,,,,,distinctive,,2,,,,3977462189974100497
Trio,trio,,,,,,,,,,,,,,,distinctive,,1,,,,
Trivax,trivax,,,,,,,,,,,,,,,distinctive,,2,,,,8059962880210138618
Trivium,trivium,,,,,,,,,,,,,,,distinctive,,3,,,,3722575939697885601
Trixie Whitley,trixie-whitley,,,,,,,,,,,,,,,distinctive,,1,,,,
Trust,trust,,,,,,,,,,,,,,,distinctive,,2,,,,5812296869669900489 | 3313804065219623977
Ty Segall,ty-segall,,,,,,,,,,,,,,,distinctive,,1,,,,
Tyler Bryant,tyler-bryant,,,,,,,,,,,,,,,distinctive,,1,,,,
U2,u2,,,,,,,,,,,,,,,distinctive,,1,,,,7579014282487467525
Uncle Acid and the Deadbeats,uncle-acid-and-the-deadbeats,,,,,,,,,,,,,,,distinctive,,2,,,,
Unsane,unsane,,,,,,,,,,,,,,,distinctive,,1,,,,3706131440547074854
Uriah Heep,uriah-heep,,,,,,,,,,,,,,,distinctive,,4,,,,6179733245503248515 | 1429636807267963176
Varukers,varukers,,,,,,,,,,,,,,,distinctive,,1,,,,5310330220034938391
Veronica Swift,veronica-swift,,,,,,,,,,,,,,,distinctive,,1,,,,1586784386998165280
Verset Zero,verset-zero,,,,,,,,,,,,,,,distinctive,,1,,,,5143530449104226490
Vinnie Stigma,vinnie-stigma,,,,,,,,,,,,,,,distinctive,,1,,,,
Vintage Caravan,vintage-caravan,,,,,,,,,,,,,,,distinctive,,3,,,,2163811188679366865
Vintage Trouble,vintage-trouble,,,,,,,,,,,,,,,distinctive,,1,,,,4443742465215946180
Violet Grohl,violet-grohl,,,,,,,,,,,,,,,distinctive,,1,,,,5135990311762691472
Virginmarys,virginmarys,,,,,,,,,,,,,,,distinctive,,1,,,,1756571681555834249
VLTIMAS,vltimas,,,,,,,,,,,,,,,distinctive,,1,,,,
Vomitory,vomitory,,,,,,,,,,,,,,,distinctive,,2,,,,1296251141646051149
Vorskaath,vorskaath,,,,,,,,,,,,,,,distinctive,,1,,,,
Vreid,vreid,,,,,,,,,,,,,,,distinctive,,2,,,,5772764772597382964
W.A.F.P.,w-a-f-p,,,,,,,,,,,,,,,distinctive,,1,,,,2984808427202524265
W.A.S.P.,w-a-s-p,,,,,,,,,,,,,,,distinctive,,2,,,,3469800381023921396 | 7926973378583288561
Walter Trout,walter-trout,,,,,,,,,,,,,,,distinctive,,5,,,,4436509390834159803 | 4682825929832214059 | 6525015088382394746
Warbringer,warbringer,,,,,,,,,,,,,,,distinctive,,1,,,,8947770292664048526
Wargasm,wargasm,,,,,,,,,,,,,,,distinctive,,3,,,,3362193983174062138 | 2542164659318268165
Warren Haynes,warren-haynes,,,,,,,,,,,,,,,distinctive,,2,,,,9132053675050017991
We Came As Romans,we-came-as-romans,,,,,,,,,,,,,,,distinctive,,1,,,,1191393304973412059
Weezer,weezer,,,,,,,,,,,,,,,distinctive,,2,,,,
West Side Story,west-side-story,,,,,,,,,,,,,,,distinctive,,1,,,,8435051789721387893
Whatmore,whatmore,,,,,,,,,,,,,,,distinctive,,2,,,,4463408003436594363
Whiplash,whiplash,,,,,,,,,,,,,,,distinctive,,1,,,,1969525538088714658
Whitechapel,whitechapel,,,,,,,,,,,,,,,distinctive,,3,,,,8892613140435302132
Whitesnake,whitesnake,,,,,,,,,,,,,,,distinctive,,3,,,,6723108011197804601
Wilco,wilco,,,,,,,,,,,,,,,distinctive,,4,,,,7407471343929664398 | 1199240275850032097
Wildhearts,wildhearts,,,,,,,,,,,,,,,distinctive,,2,,,,8280876693990233978
Winery Dogs,winery-dogs,,,,,,,,,,,,,,,distinctive,,1,,,,6109900464017382529
Winter,winter,,,,,,,,,,,,,,,distinctive,,1,,,,8588533215645410829
Wisdom In Chains,wisdom-in-chains,,,,,,,,,,,,,,,distinctive,,1,,,,4902827288473666526
Wishbone Ash,wishbone-ash,,,,,,,,,,,,,,,distinctive,,2,,,,6211402681344897177
Witch Club Satan,witch-club-satan,,,,,,,,,,,,,,,distinctive,,1,,,,8311910162617965400
Witch Post,witch-post,,,,,,,,,,,,,,,distinctive,,1,,,,157172446105997324
Written By Wolves,written-by-wolves,,,,,,,,,,,,,,,distinctive,,1,,,,5155238821122138644
Wu-Tang Clan,wu-tang-clan,,,,,,,,,,,,,,,distinctive,,3,,,,1483096049335788607 | 6920285089983876321
Wynchester,wynchester,,,,,,,,,,,,,,,distinctive,,1,,,,3977813432769374209
Yes,yes,,,,,,,,,,,,,,,distinctive,,3,,,,1587432380776789311
Yngwie Malmsteen,yngwie-malmsteen,,,,,,,,,,,,,,,distinctive,,1,,,,
Yü,yu,,,,,,,,,,,,,,,distinctive,,1,,,,1541612420026768427
Zakk Wylde,zakk-wylde,,,,,,,,,,,,,,,distinctive,,1,,,,
Zeal and Ardor,zeal-and-ardor,,,,,,,,,,,,,,,distinctive,,1,,,,
Zemial,zemial,,,,,,,,,,,,,,,distinctive,,2,,,,
Zia Victoria,zia-victoria,,,,,,,,,,,,,,,distinctive,,1,,,,7228409406927010441
ZZ Top,zz-top,,,,,,,,,,,,,,,distinctive,,2,,,,
